{"sequence": "MSAAIAALAASYGSGSGSESDSDSESSRCPLPAADSLMHLTKSPSSKPSLAVAVDSAPEVAVKEDLETGVHLDPAVKEVQYNPTYETMFAPEFGPENPFRTQQMAAPRNMLSGYAEPAHINDFMFEQQRRTFATYGYALDPSLDNHQVSAKYIGSVEEAEKNQGLTVFETGQKKTEKRKKFKENDASNIDGFLGPWAKYVDEKDVAKPSEEEQKELDEITAKRQKKGKQEEEKPGEEKTILHVKEMYDYQGRSYLHIPQDVGVNLRSTMPPEKCYLPKKQIHVWSGHTKGVSAVRLFPLSGHLLLSCSMDCKIKLWEVYGERRCLRTFIGHSKAVRDICFNTAGTQFLSAAYDRYLKLWDTETGQCISRFTNRKVPYCVKFNPDEDKQNLFVAGMSDKKIVQWDIRSGEIVQEYDRHLGAVNTIVFVDENRRFVSTSDDKSLRVWEWDIPVDFKYIAEPSMHSMPAVTLSPNGKWLACQSMDNQILIFGAQNRFRLNKKKIFKGHMVAGYACQVDFSPDMSYVISGDGNGKLNIWDWKTTKLYSRFKAHDKVCIGAVWHPHETSKVITCGWDGLIKLWD", "hgvs": {"protein_hgvs": ["NP_056975.1"], "description": "cell division cycle 40", "ensp": "ENSP00000304370.1", "ensp_clean": "ENSP00000304370", "unique_name": "CDC40"}, "biophysics_regions": {"whole": {"fcr": 0.2642487046632124, "ncpr": -0.005181347150259, "kappa": 0.1722092405770723, "delta": 0.0447906752914512, "delta_max": 0.2600944940083231, "isoelectric_point": 7.0, "molecular_weight": 65531.199999999546, "count_neg": 78.0, "count_pos": 75.0, "count_neut": 426.0, "fraction_negative": 0.1347150259067357, "fraction_positive": 0.1295336787564766, "fraction_expanding": 0.3143350604490501, "fraction_disorder_promoting": 0.6407599309153713, "mean_net_charge": 0.005181347150259, "mean_hydropathy": 3.946113989637298, "uversky_hydropathy": 0.4384571099597018, "ppii_propensity": 0.3632987910189979, "amino_acid_fractions": {"A": 0.07081174438687392, "C": 0.02072538860103627, "D": 0.06563039723661486, "E": 0.0690846286701209, "F": 0.04145077720207254, "G": 0.06217616580310881, "H": 0.027633851468048358, "I": 0.044905008635578586, "K": 0.08635578583765112, "L": 0.06563039723661486, "M": 0.025906735751295335, "N": 0.03626943005181347, "P": 0.05008635578583765, "Q": 0.039723661485319514, "R": 0.04317789291882556, "S": 0.07944732297063903, "T": 0.046632124352331605, "V": 0.06563039723661486, "W": 0.022452504317789293, "Y": 0.03626943005181347}}, "idr_segments": [{"start": 0, "end": 121, "size": 121, "fcr": 0.19008264462809918, "ncpr": -0.0743801652892562, "kappa": 0.1943619290014004, "delta": 0.03038762364460179, "delta_max": 0.15634555491771665, "isoelectric_point": 4.265625, "molecular_weight": 12686.700000000032, "count_neg": 16, "count_pos": 7, "count_neut": 98, "fraction_negative": 0.1322314049586777, "fraction_positive": 0.05785123966942149, "fraction_expanding": 0.2892561983471074, "fraction_disorder_promoting": 0.71900826446281, "mean_net_charge": 0.0743801652892562, "mean_hydropathy": 4.157024793388435, "uversky_hydropathy": 0.4618916437098251, "ppii_propensity": 0.38644628099173584, "amino_acid_fractions": {"A": 0.1487603305785124, "C": 0.008264462809917356, "D": 0.049586776859504134, "E": 0.08264462809917356, "F": 0.024793388429752067, "G": 0.049586776859504134, "H": 0.024793388429752067, "I": 0.01652892561983471, "K": 0.03305785123966942, "L": 0.06611570247933884, "M": 0.04132231404958678, "N": 0.03305785123966942, "P": 0.09917355371900827, "Q": 0.024793388429752067, "R": 0.024793388429752067, "S": 0.14049586776859505, "T": 0.04132231404958678, "V": 0.05785123966942149, "W": 0.0, "Y": 0.03305785123966942}}, {"start": 165, "end": 237, "size": 72, "fcr": 0.5, "ncpr": -0.027777777777777776, "kappa": 0.1797365999963701, "delta": 0.08612399637079139, "delta_max": 0.47916782877015995, "isoelectric_point": 5.03125, "molecular_weight": 8358.200000000008, "count_neg": 19, "count_pos": 17, "count_neut": 36, "fraction_negative": 0.2638888888888889, "fraction_positive": 0.2361111111111111, "fraction_expanding": 0.5416666666666666, "fraction_disorder_promoting": 0.8055555555555556, "mean_net_charge": 0.027777777777777776, "mean_hydropathy": 2.783333333333332, "uversky_hydropathy": 0.3092592592592594, "ppii_propensity": 0.4101388888888891, "amino_acid_fractions": {"A": 0.05555555555555555, "C": 0.0, "D": 0.06944444444444445, "E": 0.19444444444444445, "F": 0.041666666666666664, "G": 0.06944444444444445, "H": 0.0, "I": 0.027777777777777776, "K": 0.20833333333333334, "L": 0.027777777777777776, "M": 0.0, "N": 0.027777777777777776, "P": 0.041666666666666664, "Q": 0.05555555555555555, "R": 0.027777777777777776, "S": 0.027777777777777776, "T": 0.05555555555555555, "V": 0.041666666666666664, "W": 0.013888888888888888, "Y": 0.013888888888888888}}], "fold": {"fcr": null, "ncpr": null, "kappa": null, "delta": null, "delta_max": null, "isoelectric_point": null, "molecular_weight": null, "count_neg": null, "count_pos": null, "count_neut": null, "fraction_negative": null, "fraction_positive": null, "fraction_expanding": null, "fraction_disorder_promoting": null, "mean_net_charge": null, "mean_hydropathy": null, "uversky_hydropathy": null, "ppii_propensity": null, "avg_size": 193.0, "count": 2}}, "region_sequences": {"idr_discrete": ["MSAAIAALAASYGSGSGSESDSDSESSRCPLPAADSLMHLTKSPSSKPSLAVAVDSAPEVAVKEDLETGVHLDPAVKEVQYNPTYETMFAPEFGPENPFRTQQMAAPRNMLSGYAEPAHIN", "TVFETGQKKTEKRKKFKENDASNIDGFLGPWAKYVDEKDVAKPSEEEQKELDEITAKRQKKGKQEEEKPGEE"], "idr_concat": "MSAAIAALAASYGSGSGSESDSDSESSRCPLPAADSLMHLTKSPSSKPSLAVAVDSAPEVAVKEDLETGVHLDPAVKEVQYNPTYETMFAPEFGPENPFRTQQMAAPRNMLSGYAEPAHINTVFETGQKKTEKRKKFKENDASNIDGFLGPWAKYVDEKDVAKPSEEEQKELDEITAKRQKKGKQEEEKPGEE", "fold_discrete": ["DFMFEQQRRTFATYGYALDPSLDNHQVSAKYIGSVEEAEKNQGL", "KTILHVKEMYDYQGRSYLHIPQDVGVNLRSTMPPEKCYLPKKQIHVWSGHTKGVSAVRLFPLSGHLLLSCSMDCKIKLWEVYGERRCLRTFIGHSKAVRDICFNTAGTQFLSAAYDRYLKLWDTETGQCISRFTNRKVPYCVKFNPDEDKQNLFVAGMSDKKIVQWDIRSGEIVQEYDRHLGAVNTIVFVDENRRFVSTSDDKSLRVWEWDIPVDFKYIAEPSMHSMPAVTLSPNGKWLACQSMDNQILIFGAQNRFRLNKKKIFKGHMVAGYACQVDFSPDMSYVISGDGNGKLNIWDWKTTKLYSRFKAHDKVCIGAVWHPHETSKVITCGWDGLIKLWD"], "fold_concat": "DFMFEQQRRTFATYGYALDPSLDNHQVSAKYIGSVEEAEKNQGLKTILHVKEMYDYQGRSYLHIPQDVGVNLRSTMPPEKCYLPKKQIHVWSGHTKGVSAVRLFPLSGHLLLSCSMDCKIKLWEVYGERRCLRTFIGHSKAVRDICFNTAGTQFLSAAYDRYLKLWDTETGQCISRFTNRKVPYCVKFNPDEDKQNLFVAGMSDKKIVQWDIRSGEIVQEYDRHLGAVNTIVFVDENRRFVSTSDDKSLRVWEWDIPVDFKYIAEPSMHSMPAVTLSPNGKWLACQSMDNQILIFGAQNRFRLNKKKIFKGHMVAGYACQVDFSPDMSYVISGDGNGKLNIWDWKTTKLYSRFKAHDKVCIGAVWHPHETSKVITCGWDGLIKLWD"}, "domain_types": [], "patterning": {"mean_lambda": 0.3547, "faro": 0.0636, "shd": 2.9385, "scd": -0.1314, "ah_ij": -0.5151, "nu_svr": 0.529, "saturation_conc_mgml": 84.8108}, "ppi": {"all_partners": [], "partners_in_pilot_set": [], "ensp_all_partners": [], "ensp_partners_in_pilot_set": []}, "go_terms": {"cellular_component": [{"id": "GO:0071013", "description": "catalytic step 2 spliceosome", "evidence": "IDA:UniProtKB"}, {"id": "GO:0016607", "description": "nuclear speck", "evidence": "IDA:UniProtKB"}, {"id": "GO:0005654", "description": "nucleoplasm", "evidence": "IDA:HPA"}, {"id": "GO:0071007", "description": "U2-type catalytic step 2 spliceosome", "evidence": "IDA:UniProtKB"}], "biological_process": [{"id": "GO:1990403", "description": "embryonic brain development", "evidence": "IMP:UniProtKB"}, {"id": "GO:0000398", "description": "mRNA splicing, via spliceosome", "evidence": "IDA:UniProtKB"}], "molecular_function": [{"id": "GO:0003729", "description": "mRNA binding", "evidence": "IBA:GO_Central"}, {"id": "GO:0003723", "description": "RNA binding", "evidence": "HDA:UniProtKB"}]}, "condensate_details": [], "gene_annotation": {"approved_name": "cell division cycle 40", "biotype": "protein_coding", "id_list": ["ENSG00000168438"], "transcript_ids": ["ENST00000453107", "ENST00000445340", "ENST00000606893", "ENST00000431461", "ENST00000307731", "ENST00000368930", "ENST00000368932"], "canonical_transcript": {"id": "ENST00000307731", "chromosome": "6", "start": 110180427.0, "end": 110232232.0, "strand": "+"}, "canonical_exons": ["110229954", "110232232", "110201558", "110201687", "110228832", "110228976", "110219364", "110219479", "110213086", "110213160", "110219736", "110219869", "110209084", "110209223", "110207506", "110207589", "110217702", "110217803", "110193182", "110193268", "110226167", "110226243", "110215286", "110215331", "110180427", "110180633", "110212133", "110212272", "110210707", "110210803"], "genomic_location": {"chromosome": "6",