{"sequence": "MNPTETKAIPVSQQMEGPHLPNKKKHKKQAVKTEPEKKSQSTKLSVVHEKKSQEGKPKEHTEPKSLPKQASDTGSNDAHNKKAVSRSAEQQPSEKSTEPKTKPQDMISAGGESVAGITAISGKPGDKKKEKKSLTPAVPVESKPDKPSGKSGMDAALDDLIDTLGGPEETEEENTTYTGPEVSDPMSSTYIEELGKREVTIPPKYRELLAKKEGITGPPADSSKPIGPDDAIDALSSDFTCGSPTAAGKKTEKEESTEVLKAQSAGTVRSAAPPQEKKRKVEKDTMSDQALEALSASLGTRQAEPELDLRSIKEVDEAKAKEEKLEKCGEDDETIPSEYRLKPATDKDGKPLLPEPEEKPKPRSESELIDELSEDFDRSECKEKPSKPTEKTEESKAAAPAPVSEAVCRTSMCSIQSAPPEPATLKGTVPDDAVEALADSLGKKEADPEDGKPVMDKVKEKAKEEDREKLGEKEETIPPDYRLEEVKDKDGKPLLPKESKEQLPPMSEDFLLDALSEDFSGPQNASSLKFEDAKLAAAISEVVSQTPASTTQAGAPPRDTSQSDKDLDDALDKLSDSLGQRQPDPDENKPMEDKVKEKAKAEHRDKLGERDDTIPPEYRHLLDDNGQDKPVKPPTKKSEDSKKPADDQDPIDALSGDLDSCPSTTETSQNTAKDKCKKAASSSKAPKNGGKAKDSAKTTEETSKPKDD", "hgvs": {"protein_hgvs": ["NP_001035908.1", "NP_001410179.1"], "description": "calpastatin", "ensp": "ENSP00000520667", "ensp_clean": "ENSP00000520667", "unique_name": "CAST"}, "biophysics_regions": {"whole": {"fcr": 0.3799435028248588, "ncpr": -0.0466101694915254, "kappa": 0.1377130259099979, "delta": 0.0513663074314038, "delta_max": 0.372995271086224, "isoelectric_point": 4.8125, "molecular_weight": 76582.79999999999, "count_neg": 151.0, "count_pos": 118.0, "count_neut": 439.0, "fraction_negative": 0.2132768361581921, "fraction_positive": 0.1666666666666666, "fraction_expanding": 0.4774011299435028, "fraction_disorder_promoting": 0.8220338983050848, "mean_net_charge": 0.0466101694915254, "mean_hydropathy": 3.3073446327683755, "uversky_hydropathy": 0.3674827369742637, "ppii_propensity": 0.4210169491525426, "amino_acid_fractions": {"A": 0.08615819209039548, "C": 0.009887005649717515, "D": 0.09463276836158192, "E": 0.11864406779661017, "F": 0.007062146892655367, "G": 0.05084745762711865, "H": 0.009887005649717515, "I": 0.025423728813559324, "K": 0.14124293785310735, "L": 0.0635593220338983, "M": 0.014124293785310734, "N": 0.014124293785310734, "P": 0.09745762711864407, "Q": 0.03389830508474576, "R": 0.025423728813559324, "S": 0.09887005649717515, "T": 0.06497175141242938, "V": 0.03531073446327684, "W": 0.0, "Y": 0.00847457627118644}}, "idr_segments": [{"start": 0, "end": 708, "size": 708, "fcr": 0.3799435028248588, "ncpr": -0.046610169491525424, "kappa": 0.13771302590999795, "delta": 0.05136630743140387, "delta_max": 0.372995271086224, "isoelectric_point": 4.8125, "molecular_weight": 76582.79999999999, "count_neg": 151, "count_pos": 118, "count_neut": 439, "fraction_negative": 0.2132768361581921, "fraction_positive": 0.16666666666666666, "fraction_expanding": 0.4774011299435028, "fraction_disorder_promoting": 0.8220338983050848, "mean_net_charge": 0.046610169491525424, "mean_hydropathy": 3.3073446327683755, "uversky_hydropathy": 0.3674827369742637, "ppii_propensity": 0.4210169491525426, "amino_acid_fractions": {"A": 0.08615819209039548, "C": 0.009887005649717515, "D": 0.09463276836158192, "E": 0.11864406779661017, "F": 0.007062146892655367, "G": 0.05084745762711865, "H": 0.009887005649717515, "I": 0.025423728813559324, "K": 0.14124293785310735, "L": 0.0635593220338983, "M": 0.014124293785310734, "N": 0.014124293785310734, "P": 0.09745762711864407, "Q": 0.03389830508474576, "R": 0.025423728813559324, "S": 0.09887005649717515, "T": 0.06497175141242938, "V": 0.03531073446327684, "W": 0.0, "Y": 0.00847457627118644}}], "fold": {"fcr": null, "ncpr": null, "kappa": null, "delta": null, "delta_max": null, "isoelectric_point": null, "molecular_weight": null, "count_neg": null, "count_pos": null, "count_neut": null, "fraction_negative": null, "fraction_positive": null, "fraction_expanding": null, "fraction_disorder_promoting": null, "mean_net_charge": null, "mean_hydropathy": null, "uversky_hydropathy": null, "ppii_propensity": null, "avg_size": 0.0, "count": 0}}, "region_sequences": {"idr_discrete": ["MNPTETKAIPVSQQMEGPHLPNKKKHKKQAVKTEPEKKSQSTKLSVVHEKKSQEGKPKEHTEPKSLPKQASDTGSNDAHNKKAVSRSAEQQPSEKSTEPKTKPQDMISAGGESVAGITAISGKPGDKKKEKKSLTPAVPVESKPDKPSGKSGMDAALDDLIDTLGGPEETEEENTTYTGPEVSDPMSSTYIEELGKREVTIPPKYRELLAKKEGITGPPADSSKPIGPDDAIDALSSDFTCGSPTAAGKKTEKEESTEVLKAQSAGTVRSAAPPQEKKRKVEKDTMSDQALEALSASLGTRQAEPELDLRSIKEVDEAKAKEEKLEKCGEDDETIPSEYRLKPATDKDGKPLLPEPEEKPKPRSESELIDELSEDFDRSECKEKPSKPTEKTEESKAAAPAPVSEAVCRTSMCSIQSAPPEPATLKGTVPDDAVEALADSLGKKEADPEDGKPVMDKVKEKAKEEDREKLGEKEETIPPDYRLEEVKDKDGKPLLPKESKEQLPPMSEDFLLDALSEDFSGPQNASSLKFEDAKLAAAISEVVSQTPASTTQAGAPPRDTSQSDKDLDDALDKLSDSLGQRQPDPDENKPMEDKVKEKAKAEHRDKLGERDDTIPPEYRHLLDDNGQDKPVKPPTKKSEDSKKPADDQDPIDALSGDLDSCPSTTETSQNTAKDKCKKAASSSKAPKNGGKAKDSAKTTEETSKPKDD"], "idr_concat": "MNPTETKAIPVSQQMEGPHLPNKKKHKKQAVKTEPEKKSQSTKLSVVHEKKSQEGKPKEHTEPKSLPKQASDTGSNDAHNKKAVSRSAEQQPSEKSTEPKTKPQDMISAGGESVAGITAISGKPGDKKKEKKSLTPAVPVESKPDKPSGKSGMDAALDDLIDTLGGPEETEEENTTYTGPEVSDPMSSTYIEELGKREVTIPPKYRELLAKKEGITGPPADSSKPIGPDDAIDALSSDFTCGSPTAAGKKTEKEESTEVLKAQSAGTVRSAAPPQEKKRKVEKDTMSDQALEALSASLGTRQAEPELDLRSIKEVDEAKAKEEKLEKCGEDDETIPSEYRLKPATDKDGKPLLPEPEEKPKPRSESELIDELSEDFDRSECKEKPSKPTEKTEESKAAAPAPVSEAVCRTSMCSIQSAPPEPATLKGTVPDDAVEALADSLGKKEADPEDGKPVMDKVKEKAKEEDREKLGEKEETIPPDYRLEEVKDKDGKPLLPKESKEQLPPMSEDFLLDALSEDFSGPQNASSLKFEDAKLAAAISEVVSQTPASTTQAGAPPRDTSQSDKDLDDALDKLSDSLGQRQPDPDENKPMEDKVKEKAKAEHRDKLGERDDTIPPEYRHLLDDNGQDKPVKPPTKKSEDSKKPADDQDPIDALSGDLDSCPSTTETSQNTAKDKCKKAASSSKAPKNGGKAKDSAKTTEETSKPKDD", "fold_discrete": [], "fold_concat": null}, "domain_types": [], "patterning": {"mean_lambda": 0.3258, "faro": 0.0155, "shd": 4.0066, "scd": 3.995, "ah_ij": -0.463, "nu_svr": 0.4963, "saturation_conc_mgml": 72.2155}, "ppi": {"all_partners": [], "partners_in_pilot_set": [], "ensp_all_partners": [], "ensp_partners_in_pilot_set": []}, "go_terms": {"cellular_component": [{"id": "GO:0005737", "description": "cytoplasm", "evidence": "IBA:GO_Central"}, {"id": "GO:0005829", "description": "cytosol", "evidence": "IDA:BHF-UCL"}, {"id": "GO:0005783", "description": "endoplasmic reticulum", "evidence": "IDA:HPA"}, {"id": "GO:0016020", "description": "membrane", "evidence": "IDA:BHF-UCL"}], "biological_process": [{"id": "GO:2000675", "description": "negative regulation of type B pancreatic cell apoptotic process", "evidence": "IDA:BHF-UCL"}, {"id": "GO:1990709", "description": "presynaptic active zone organization", "evidence": "TAS:ARUK-UCL"}], "molecular_function": [{"id": "GO:0045296", "description": "cadherin binding", "evidence": "HDA:BHF-UCL"}, {"id": "GO:0010859", "description": "calcium-dependent cysteine-type endopeptidase inhibitor activity", "evidence": "IMP:CAFA"}, {"id": "GO:0004866", "description": "endopeptidase inhibitor activity", "evidence": "TAS:ProtInc"}, {"id": "GO:0003723", "description": "RNA binding", "evidence": "HDA:UniProtKB"}]}, "condensate_details": [], "gene_annotation": {"approved_name": "calpastatin", "biotype": "lncRNA", "id_list": ["ENSG00000153113"], "transcript_ids": ["ENST00000718089", "ENST00000718090", "ENST00000502645", "ENST00000718077", "ENST00000718092", "ENST00000718075", "ENST00000507997", "ENST00000511775", "ENST00000513926", "ENST00000718076", "ENST00000513158"], "canonical_transcript": {"id": "ENST00000675179", "chromosome": "5", "start": 96662376.0, "end": 96774683.0, "strand": "+"}, "canonical_exons": [], "genomic_location": {"chromosome": "5", "start": 95962001, "end": 96631085, "strand": 1}, "synonyms": [{"label": "Calpastatin", "source": "uniprot"}, {"label": "CAST", "source": "uniprot"}, {"label": "Calpain inhibitor", "source": "uniprot"}, {"label": "Sperm BS-17 component", "source": "uniprot"}], "symbol_synonyms": [{"label": "CAST", "source": "uniprot"}], "name_synonyms": [{"label": "Calpastatin", "source": "uniprot"}, {"label": "Calpain inhibitor", "source": "uniprot"}, {"label": "Sperm BS-17 component", "source": "uniprot"}], "function_descriptions": ["Specific inhibition of calpain (calcium-dependent cysteine protease). Plays a key role in postmortem tenderization of meat and have been proposed to be involved in muscle protein degradation in living tissue."], "subcellular_locations": [{"location": "Cytosol", "source": "HPA_main", "termSL": "SL-0091",