{"sequence": "MPNWGGGKKCGVCQKTVYFAEEVQCEGNSFHKSCFLCMVCKKNLDSTTVAVHGEEIYCKSCYGKKYGPKGYGYGQGAGTLSTDKGESLGIKHEEAPGHRPTTNPNASKFAQKIGGSERCPRCSQAVYAAEKVIGAGKSWHKACFRCAKCGKGLESTTLADKDGEIYCKGCYAKNFGPKGFGFGQGAGALVHSE", "hgvs": {"protein_hgvs": ["NP_001180500.1", "NP_001180501.1", "NP_004069.1"], "description": "cysteine and glycine rich protein 1", "ensp": "ENSP00000345079.2", "ensp_clean": "ENSP00000345079", "unique_name": "CSRP1"}, "biophysics_regions": {"whole": {"fcr": 0.2279792746113989, "ncpr": 0.0518134715025906, "kappa": 0.1846922514252678, "delta": 0.038647994067533, "delta_max": 0.209256174903316, "isoelectric_point": 8.75, "molecular_weight": 20572.000000000007, "count_neg": 17.0, "count_pos": 27.0, "count_neut": 149.0, "fraction_negative": 0.0880829015544041, "fraction_positive": 0.1398963730569948, "fraction_expanding": 0.2642487046632124, "fraction_disorder_promoting": 0.6735751295336787, "mean_net_charge": 0.0518134715025906, "mean_hydropathy": 3.973575129533676, "uversky_hydropathy": 0.4415083477259644, "ppii_propensity": 0.338652849740933, "amino_acid_fractions": {"A": 0.08290155440414508, "C": 0.07772020725388601, "D": 0.02072538860103627, "E": 0.06735751295336788, "F": 0.04145077720207254, "G": 0.15544041450777202, "H": 0.031088082901554404, "I": 0.025906735751295335, "K": 0.11917098445595854, "L": 0.03626943005181347, "M": 0.010362694300518135, "N": 0.031088082901554404, "P": 0.03626943005181347, "Q": 0.031088082901554404, "R": 0.02072538860103627, "S": 0.06217616580310881, "T": 0.046632124352331605, "V": 0.046632124352331605, "W": 0.010362694300518135, "Y": 0.046632124352331605}}, "idr_segments": [{"start": 76, "end": 116, "size": 40, "fcr": 0.225, "ncpr": 0.025, "kappa": 0.19158697787930548, "delta": 0.029305922986478557, "delta_max": 0.15296406525573195, "isoelectric_point": 9.625, "molecular_weight": 4091.2999999999993, "count_neg": 4, "count_pos": 5, "count_neut": 31, "fraction_negative": 0.1, "fraction_positive": 0.125, "fraction_expanding": 0.3, "fraction_disorder_promoting": 0.825, "mean_net_charge": 0.025, "mean_hydropathy": 3.56, "uversky_hydropathy": 0.39555555555555555, "ppii_propensity": 0.36450000000000005, "amino_acid_fractions": {"A": 0.1, "C": 0.0, "D": 0.025, "E": 0.075, "F": 0.025, "G": 0.15, "H": 0.05, "I": 0.05, "K": 0.1, "L": 0.05, "M": 0.0, "N": 0.05, "P": 0.075, "Q": 0.025, "R": 0.025, "S": 0.1, "T": 0.1, "V": 0.0, "W": 0.0, "Y": 0.0}}, {"start": 180, "end": 193, "size": 13, "fcr": 0.07692307692307693, "ncpr": -0.07692307692307693, "kappa": 0.7070827799911464, "delta": 0.006563527284681132, "delta_max": 0.009282544378698228, "isoelectric_point": 5.25, "molecular_weight": 1229.6999999999998, "count_neg": 1, "count_pos": 0, "count_neut": 12, "fraction_negative": 0.07692307692307693, "fraction_positive": 0.0, "fraction_expanding": 0.07692307692307693, "fraction_disorder_promoting": 0.7692307692307693, "mean_net_charge": 0.07692307692307693, "mean_hydropathy": 4.638461538461537, "uversky_hydropathy": 0.5153846153846153, "ppii_propensity": 0.2653846153846154, "amino_acid_fractions": {"A": 0.15384615384615385, "C": 0.0, "D": 0.0, "E": 0.07692307692307693, "F": 0.07692307692307693, "G": 0.3076923076923077, "H": 0.07692307692307693, "I": 0.0, "K": 0.0, "L": 0.07692307692307693, "M": 0.0, "N": 0.0, "P": 0.0, "Q": 0.07692307692307693, "R": 0.0, "S": 0.07692307692307693, "T": 0.0, "V": 0.07692307692307693, "W": 0.0, "Y": 0.0}}], "fold": {"fcr": null, "ncpr": null, "kappa": null, "delta": null, "delta_max": null, "isoelectric_point": null, "molecular_weight": null, "count_neg": null, "count_pos": null, "count_neut": null, "fraction_negative": null, "fraction_positive": null, "fraction_expanding": null, "fraction_disorder_promoting": null, "mean_net_charge": null, "mean_hydropathy": null, "uversky_hydropathy": null, "ppii_propensity": null, "avg_size": 70.0, "count": 2}}, "region_sequences": {"idr_discrete": ["AGTLSTDKGESLGIKHEEAPGHRPTTNPNASKFAQKIGGS", "GFGQGAGALVHSE"], "idr_concat": "AGTLSTDKGESLGIKHEEAPGHRPTTNPNASKFAQKIGGSGFGQGAGALVHSE", "fold_discrete": ["MPNWGGGKKCGVCQKTVYFAEEVQCEGNSFHKSCFLCMVCKKNLDSTTVAVHGEEIYCKSCYGKKYGPKGYGYGQG", "ERCPRCSQAVYAAEKVIGAGKSWHKACFRCAKCGKGLESTTLADKDGEIYCKGCYAKNFGPKGF"], "fold_concat": "MPNWGGGKKCGVCQKTVYFAEEVQCEGNSFHKSCFLCMVCKKNLDSTTVAVHGEEIYCKSCYGKKYGPKGYGYGQGERCPRCSQAVYAAEKVIGAGKSWHKACFRCAKCGKGLESTTLADKDGEIYCKGCYAKNFGPKGF"}, "domain_types": [{"name": "LIM zinc-binding", "count": 2, "avg_size": 52.0, "total_size": 104, "fcr": 0.2404, "ncpr": 0.0288, "kappa": 0.2498, "omega": 0.205, "isoelectric_point": 7.3281, "molecular_weight": 5673.8, "count_neg": 5.5, "count_pos": 7.0, "count_neut": 39.5, "fraction_negative": 0.1058, "fraction_positive": 0.1346, "fraction_expanding": 0.25, "fraction_disorder_promoting": 0.5962, "mean_net_charge": 0.0481, "mean_hydropathy": 4.3779, "uversky_hydropathy": 0.4864, "ppii_propensity": 0.3321, "delta": 0.0432, "delta_max": 0.1818, "amino_acid_fractions": {"A": 0.038461538461538464, "C": 0.15384615384615385, "D": 0.019230769230769232, "E": 0.09615384615384616, "F": 0.057692307692307696, "G": 0.057692307692307696, "H": 0.038461538461538464, "I": 0.019230769230769232, "K": 0.09615384615384616, "L": 0.038461538461538464, "M": 0.019230769230769232, "N": 0.038461538461538464, "P": 0.0, "Q": 0.038461538461538464, "R": 0.0, "S": 0.07692307692307693, "T": 0.057692307692307696, "V": 0.11538461538461539, "W": 0.0, "Y": 0.038461538461538464}, "discrete_seq": ["CGVCQKTVYFAEEVQCEGNSFHKSCFLCMVCKKNLDSTTVAVHGEEIYCKSC", "CPRCSQAVYAAEKVIGAGKSWHKACFRCAKCGKGLESTTLADKDGEIYCKGC"], "concat_seq": "CGVCQKTVYFAEEVQCEGNSFHKSCFLCMVCKKNLDSTTVAVHGEEIYCKSCCPRCSQAVYAAEKVIGAGKSWHKACFRCAKCGKGLESTTLADKDGEIYCKGC"}], "patterning": {"mean_lambda": 0.4549, "faro": 0.051, "shd": 2.4341, "scd": -0.3926, "ah_ij": -0.5663, "nu_svr": 0.5622, "saturation_conc_mgml": 88.559}, "ppi": {"all_partners": [], "partners_in_pilot_set": [], "ensp_all_partners": [], "ensp_partners_in_pilot_set": []}, "go_terms": {"cellular_component": [{"id": "GO:0005737", "description": "cytoplasm", "evidence": "IBA:GO_Central"}, {"id": "GO:0070062", "description": "extracellular exosome", "evidence": "HDA:UniProtKB"}, {"id": "GO:0005925", "description": "focal adhesion", "evidence": "HDA:UniProtKB"}, {"id": "GO:0005634", "description": "nucleus", "evidence": "IDA:UniProtKB"}, {"id": "GO:0030018", "description": "Z disc", "evidence": "IBA:GO_Central"}], "biological_process": [{"id": "GO:0060537", "description": "muscle tissue development", "evidence": "IBA:GO_Central"}, {"id": "GO:0070527", "description": "platelet aggregation", "evidence": "HMP:UniProtKB"}, {"id": "GO:0045214", "description": "sarcomere organization", "evidence": "IBA:GO_Central"}], "molecular_function": [{"id": "GO:0042805", "description": "actinin binding", "evidence": "IBA:GO_Central"}, {"id": "GO:0003723", "description": "RNA binding", "evidence": "HDA:UniProtKB"}, {"id": "GO:0008307", "description": "structural constituent of muscle", "evidence": "IBA:GO_Central"}, {"id": "GO:0008270", "description": "zinc ion binding", "evidence": "TAS:ProtInc"}]}, "condensate_details": [{"species_tax_id": 9606, "dna_associated": "No", "rna_associated": "No", "chemical_mods": "No", "condensatopathy": "No", "condensate_db_uid": "FB4E32DD", "reported_protein_count": 1366}], "gene_annotation": {"approved_name": "cysteine and glycine rich protein 1", "biotype": "protein_coding", "id_list": ["ENSG00000159176"], "transcript_ids": ["ENST00000532460", "ENST00000530120", "ENST00000481851", "ENST00000340006", "ENST00000527573", "ENST00000531916", "ENST00000533188", "ENST00000526723", "ENST00000524951", "ENST00000471596", "ENST00000533402", "ENST00000458271", "ENST00000529975", "ENST00000367306", "ENST00000533432", "ENST00000526317", "ENST00000526256", "ENST00000527662", "ENST00000532313"], "canonical_transcript": {"id": "ENST00000340006", "chromosome": "1", "start": 201483530.0, "end": 201507123.0, "strand": "-"},