{"sequence": "MAGLTVRDPAVDRSLRSVFVGNIPYEATEEQLKDIFSEVGPVVSFRLVYDRETGKPKGYGFCEYQDQETALSAMRNLNGREFSGRALRVDNAASEKNKEELKSLGTGAPVIESPYGETISPEDAPESISKAVASLPPEQMFELMKQMKLCVQNSPQEARNMLLQNPQLAYALLQAQVVMRIVDPEIALKILHRQTNIPTLIAGNPQPVHGAGPGSGSNVSMNQQNPQAPQAQSLGGMHVNGAPPLMQASMQGGVPAPGQMPAAVTGPGPGSLAPGGGMQAQVGMPGSGPVSMERGQVPMQDPRAAMQRGSLPANVPTPRGLLGDAPNDPRGGTLLSVTGEVEPRGYLGPPHQGPPMHHVPGHESRGPPPHELRGGPLPEPRPLMAEPRGPMLDQRGPPLDGRGGRDPRGIDARGMEARAMEARGLDARGLEARAMEARAMEARAMEARAMEARAMEVRGMEARGMDTRGPVPGPRGPIPSGMQGPSPINMGAVVPQGSRQVPVMQGTGMQGASIQGGSQPGGFSPGQNQVTPQDHEKAALIMQVLQLTADQIAMLPPEQRQSILILKEQIQKSTGAP", "hgvs": {"protein_hgvs": ["NP_001316.1"], "description": "cleavage stimulation factor subunit 2", "ensp": "ENSP00000362063.2", "ensp_clean": "ENSP00000362063", "unique_name": "CSTF2"}, "biophysics_regions": {"whole": {"fcr": 0.1923743500866551, "ncpr": -0.0051993067590987, "kappa": 0.100468144107596, "delta": 0.0188518868073987, "delta_max": 0.1876404404087469, "isoelectric_point": 7.0, "molecular_weight": 60969.69999999949, "count_neg": 57.0, "count_pos": 54.0, "count_neut": 466.0, "fraction_negative": 0.0987868284228769, "fraction_positive": 0.0935875216637781, "fraction_expanding": 0.3119584055459272, "fraction_disorder_promoting": 0.7140381282495667, "mean_net_charge": 0.0051993067590987, "mean_hydropathy": 4.00329289428075, "uversky_hydropathy": 0.4448103215867511, "ppii_propensity": 0.4066724436741764, "amino_acid_fractions": {"A": 0.09705372616984402, "C": 0.0034662045060658577, "D": 0.03292894280762565, "E": 0.0658578856152513, "F": 0.012131715771230503, "G": 0.12478336221837089, "H": 0.01559792027729636, "I": 0.03292894280762565, "K": 0.022530329289428077, "L": 0.07279029462738301, "M": 0.060658578856152515, "N": 0.03119584055459272, "P": 0.1195840554592721, "Q": 0.0779896013864818, "R": 0.07105719237435008, "S": 0.05719237435008666, "T": 0.029462738301559793, "V": 0.060658578856152515, "W": 0.0, "Y": 0.012131715771230503}}, "idr": {"fcr": "[0.3181818181818182, 0.16071428571428573]", "ncpr": "[-0.09090909090909091, 0.005952380952380952]", "kappa": "[0.14646608796279287, 0.05261240129261565]", "delta": "[0.03616091890045714, 0.00800396624597589]", "delta_max": "[0.24688936124001062, 0.15213079139764102]", "isoelectric_point": "[4.15625, 10.5]", "molecular_weight": "[4616.500000000001, 34205.69999999984]", "count_neg": "[9, 26]", "count_pos": "[5, 28]", "count_neut": "[30, 282]", "fraction_negative": "[0.20454545454545456, 0.07738095238095238]", "fraction_positive": "[0.11363636363636363, 0.08333333333333333]", "fraction_expanding": "[0.4090909090909091, 0.31547619047619047]", "fraction_disorder_promoting": "[0.7727272727272727, 0.7678571428571429]", "mean_net_charge": "[0.09090909090909091, 0.005952380952380952]", "mean_hydropathy": "[3.700000000000001, 3.8770833333333408]", "uversky_hydropathy": "[0.41111111111111115, 0.4307870370370367]", "ppii_propensity": "[0.40227272727272734, 0.4172916666666663]", "avg_size": 190.0, "amino_acid_fractions": [{"A": 0.11363636363636363, "C": 0.0, "D": 0.045454545454545456, "E": 0.1590909090909091, "F": 0.0, "G": 0.06818181818181818, "H": 0.0, "I": 0.06818181818181818, "K": 0.09090909090909091, "L": 0.045454545454545456, "M": 0.0, "N": 0.045454545454545456, "P": 0.09090909090909091, "Q": 0.0, "R": 0.022727272727272728, "S": 0.13636363636363635, "T": 0.045454545454545456, "V": 0.045454545454545456, "W": 0.0, "Y": 0.022727272727272728}, {"A": 0.10119047619047619, "C": 0.0, "D": 0.02976190476190476, "E": 0.047619047619047616, "F": 0.002976190476190476, "G": 0.17857142857142858, "H": 0.020833333333333332, "I": 0.01488095238095238, "K": 0.0, "L": 0.050595238095238096, "M": 0.07738095238095238, "N": 0.026785714285714284, "P": 0.15476190476190477, "Q": 0.07738095238095238, "R": 0.08333333333333333, "S": 0.050595238095238096, "T": 0.023809523809523808, "V": 0.05654761904761905, "W": 0.0, "Y": 0.002976190476190476}]}, "fold": {"fcr": null, "ncpr": null, "kappa": null, "delta": null, "delta_max": null, "isoelectric_point": null, "molecular_weight": null, "count_neg": null, "count_pos": null, "count_neut": null, "fraction_negative": null, "fraction_positive": null, "fraction_expanding": null, "fraction_disorder_promoting": null, "mean_net_charge": null, "mean_hydropathy": null, "uversky_hydropathy": null, "ppii_propensity": null, "avg_size": 65.66666666666667, "count": 3}}, "region_sequences": {"idr_discrete": ["RVDNAASEKNKEELKSLGTGAPVIESPYGETISPEDAPESISKA", "TLIAGNPQPVHGAGPGSGSNVSMNQQNPQAPQAQSLGGMHVNGAPPLMQASMQGGVPAPGQMPAAVTGPGPGSLAPGGGMQAQVGMPGSGPVSMERGQVPMQDPRAAMQRGSLPANVPTPRGLLGDAPNDPRGGTLLSVTGEVEPRGYLGPPHQGPPMHHVPGHESRGPPPHELRGGPLPEPRPLMAEPRGPMLDQRGPPLDGRGGRDPRGIDARGMEARAMEARGLDARGLEARAMEARAMEARAMEARAMEARAMEVRGMEARGMDTRGPVPGPRGPIPSGMQGPSPINMGAVVPQGSRQVPVMQGTGMQGASIQGGSQPGGFSPGQNQVTPQD"], "idr_concat": "RVDNAASEKNKEELKSLGTGAPVIESPYGETISPEDAPESISKATLIAGNPQPVHGAGPGSGSNVSMNQQNPQAPQAQSLGGMHVNGAPPLMQASMQGGVPAPGQMPAAVTGPGPGSLAPGGGMQAQVGMPGSGPVSMERGQVPMQDPRAAMQRGSLPANVPTPRGLLGDAPNDPRGGTLLSVTGEVEPRGYLGPPHQGPPMHHVPGHESRGPPPHELRGGPLPEPRPLMAEPRGPMLDQRGPPLDGRGGRDPRGIDARGMEARAMEARGLDARGLEARAMEARAMEARAMEARAMEARAMEVRGMEARGMDTRGPVPGPRGPIPSGMQGPSPINMGAVVPQGSRQVPVMQGTGMQGASIQGGSQPGGFSPGQNQVTPQD", "fold_discrete": ["MAGLTVRDPAVDRSLRSVFVGNIPYEATEEQLKDIFSEVGPVVSFRLVYDRETGKPKGYGFCEYQDQETALSAMRNLNGREFSGRAL", "VASLPPEQMFELMKQMKLCVQNSPQEARNMLLQNPQLAYALLQAQVVMRIVDPEIALKILHRQTNIP", "HEKAALIMQVLQLTADQIAMLPPEQRQSILILKEQIQKSTGAP"], "fold_concat": "MAGLTVRDPAVDRSLRSVFVGNIPYEATEEQLKDIFSEVGPVVSFRLVYDRETGKPKGYGFCEYQDQETALSAMRNLNGREFSGRALVASLPPEQMFELMKQMKLCVQNSPQEARNMLLQNPQLAYALLQAQVVMRIVDPEIALKILHRQTNIPHEKAALIMQVLQLTADQIAMLPPEQRQSILILKEQIQKSTGAP"}, "domain_types": [{"name": "RRM", "count": 1, "avg_size": 79.0, "total_size": 79, "fcr": 0.2785, "ncpr": -0.0253, "kappa": 0.1843, "omega": 0.104, "isoelectric_point": 4.8125, "molecular_weight": 8883.0, "count_neg": 12.0, "count_pos": 10.0, "count_neut": 57.0, "fraction_negative": 0.1519, "fraction_positive": 0.1266, "fraction_expanding": 0.3165, "fraction_disorder_promoting": 0.6329, "mean_net_charge": 0.0253, "mean_hydropathy": 3.9582, "uversky_hydropathy": 0.4398, "ppii_propensity": 0.3452, "delta": 0.0454, "delta_max": 0.2464, "amino_acid_fractions": {"A": 0.0759493670886076, "C": 0.012658227848101266, "D": 0.05063291139240506, "E": 0.10126582278481013, "F": 0.06329113924050633, "G": 0.08860759493670886, "H": 0.0, "I": 0.02531645569620253, "K": 0.0379746835443038, "L": 0.06329113924050633, "M": 0.012658227848101266, "N": 0.05063291139240506, "P": 0.0379746835443038, "Q": 0.0379746835443038, "R": 0.08860759493670886, "S": 0.0759493670886076, "T": 0.0379746835443038, "V": 0.08860759493670886, "W": 0.0, "Y": 0.05063291139240506}, "discrete_seq": ["RSVFVGNIPYEATEEQLKDIFSEVGPVVSFRLVYDRETGKPKGYGFCEYQDQETALSAMRNLNGREFSGRALRVDNAAS"], "concat_seq": "RSVFVGNIPYEATEEQLKDIFSEVGPVVSFRLVYDRETGKPKGYGFCEYQDQETALSAMRNLNGREFSGRALRVDNAAS"}], "patterning": {"mean_lambda": 0.3992, "faro": 0.0143, "shd": 3.6183, "scd": -0.186, "ah_ij": -0.537, "nu_svr": 0.5397, "saturation_conc_mgml": 73.6165}, "ppi": {"all_partners": [], "partners_in_pilot_set": [], "ensp_all_partners": [], "ensp_partners_in_pilot_set": []}, "go_terms": {"cellular_component": [{"id": "GO:0071920", "description": "cleavage body", "evidence": "IDA:UniProtKB"}, {"id": "GO:0005847", "description": "mRNA cleavage and polyadenylation specificity factor complex", "evidence": "IDA:UniProtKB"}, {"id": "GO:0016604", "description": "nuclear body", "evidence": "IDA:HPA"}, {"id": "GO:0005654", "description": "nucleoplasm", "evidence": "IDA:HPA"}, {"id": "GO:0005634", "description": "nucleus", "evidence": "IMP:UniProtKB"}], "biological_process": [{"id": "GO:1990090", "description": "cellular response to nerve growth factor stimulus", "evidence": "IEA:Ensembl"}, {"id": "GO:0031124", "description": "mRNA 3'-end processing", "evidence": "IMP:UniProtKB"}], "molecular_function": [{"id": "GO:0003729", "description": "mRNA binding", "evidence": "IBA:GO_Central"}, {"id": "GO:0003723",