{"sequence": "MSSNECFKCGRSGHWARECPTGGGRGRGMRSRGRGGFTSDRGFQFVSSSLPDICYRCGESGHLAKDCDLQEDACYNCGRGGHIAKDCKEPKREREQCCYNCGKPGHLARDCDHADEQKCYSCGEFGHIQKDCTKVKCYRCGETGHVAINCSKTSEVNCYRCGESGHLARECTIEATA", "hgvs": {"protein_hgvs": ["NP_003409.1"], "description": "CCHC-type zinc finger nucleic acid binding protein", "ensp": "ENSP00000410619.3", "ensp_clean": "ENSP00000410619", "unique_name": "CNBP"}, "biophysics_regions": {"whole": {"fcr": 0.288135593220339, "ncpr": 0.0169491525423728, "kappa": 0.1516993521586363, "delta": 0.0416433906703128, "delta_max": 0.2745126467433111, "isoelectric_point": 7.875, "molecular_weight": 19467.30000000001, "count_neg": 24.0, "count_pos": 27.0, "count_neut": 126.0, "fraction_negative": 0.135593220338983, "fraction_positive": 0.1525423728813559, "fraction_expanding": 0.3107344632768362, "fraction_disorder_promoting": 0.6892655367231638, "mean_net_charge": 0.0169491525423728, "mean_hydropathy": 3.650282485875706, "uversky_hydropathy": 0.4055869428750783, "ppii_propensity": 0.3188135593220343, "amino_acid_fractions": {"A": 0.05649717514124294, "C": 0.12429378531073447, "D": 0.05649717514124294, "E": 0.07909604519774012, "F": 0.02824858757062147, "G": 0.13559322033898305, "H": 0.04519774011299435, "I": 0.02824858757062147, "K": 0.062146892655367235, "L": 0.02824858757062147, "M": 0.011299435028248588, "N": 0.02824858757062147, "P": 0.022598870056497175, "Q": 0.02824858757062147, "R": 0.0903954802259887, "S": 0.07344632768361582, "T": 0.03954802259887006, "V": 0.022598870056497175, "W": 0.005649717514124294, "Y": 0.03389830508474576}}, "idr": {"fcr": "[0.2727272727272727]", "ncpr": "[0.13636363636363635]", "kappa": "[0.23955345693445212]", "delta": "[0.0433718243036425]", "delta_max": "[0.18105280073461905]", "isoelectric_point": "[12.03125]", "molecular_weight": "[4782.4]", "count_neg": "[3]", "count_pos": "[9]", "count_neut": "[32]", "fraction_negative": "[0.06818181818181818]", "fraction_positive": "[0.20454545454545456]", "fraction_expanding": "[0.29545454545454547]", "fraction_disorder_promoting": "[0.7727272727272727]", "mean_net_charge": "[0.13636363636363635]", "mean_hydropathy": "[3.331818181818183]", "uversky_hydropathy": "[0.37020202020202014]", "ppii_propensity": "[0.28659090909090923]", "avg_size": 44.0, "amino_acid_fractions": [{"A": 0.022727272727272728, "C": 0.06818181818181818, "D": 0.022727272727272728, "E": 0.045454545454545456, "F": 0.06818181818181818, "G": 0.25, "H": 0.022727272727272728, "I": 0.0, "K": 0.022727272727272728, "L": 0.0, "M": 0.045454545454545456, "N": 0.022727272727272728, "P": 0.022727272727272728, "Q": 0.022727272727272728, "R": 0.18181818181818182, "S": 0.11363636363636363, "T": 0.045454545454545456, "V": 0.0, "W": 0.022727272727272728, "Y": 0.0}]}, "fold": {"fcr": null, "ncpr": null, "kappa": null, "delta": null, "delta_max": null, "isoelectric_point": null, "molecular_weight": null, "count_neg": null, "count_pos": null, "count_neut": null, "fraction_negative": null, "fraction_positive": null, "fraction_expanding": null, "fraction_disorder_promoting": null, "mean_net_charge": null, "mean_hydropathy": null, "uversky_hydropathy": null, "ppii_propensity": null, "avg_size": 133.0, "count": 1}}, "region_sequences": {"idr_discrete": ["MSSNECFKCGRSGHWARECPTGGGRGRGMRSRGRGGFTSDRGFQ"], "idr_concat": "MSSNECFKCGRSGHWARECPTGGGRGRGMRSRGRGGFTSDRGFQ", "fold_discrete": ["FVSSSLPDICYRCGESGHLAKDCDLQEDACYNCGRGGHIAKDCKEPKREREQCCYNCGKPGHLARDCDHADEQKCYSCGEFGHIQKDCTKVKCYRCGETGHVAINCSKTSEVNCYRCGESGHLARECTIEATA"], "fold_concat": "FVSSSLPDICYRCGESGHLAKDCDLQEDACYNCGRGGHIAKDCKEPKREREQCCYNCGKPGHLARDCDHADEQKCYSCGEFGHIQKDCTKVKCYRCGETGHVAINCSKTSEVNCYRCGESGHLARECTIEATA"}, "domain_types": [{"name": "CCHC-type", "count": 7, "avg_size": 18.0, "total_size": 126, "fcr": 0.2698, "ncpr": 0.0159, "kappa": 0.158, "omega": 0.2412, "isoelectric_point": 7.25, "molecular_weight": 2014.0714, "count_neg": 2.2857, "count_pos": 2.5714, "count_neut": 13.1429, "fraction_negative": 0.127, "fraction_positive": 0.1429, "fraction_expanding": 0.2857, "fraction_disorder_promoting": 0.619, "mean_net_charge": 0.0476, "mean_hydropathy": 3.819, "uversky_hydropathy": 0.4243, "ppii_propensity": 0.3145, "delta": 0.0193, "delta_max": 0.1349, "amino_acid_fractions": {"A": 0.05555555555555555, "C": 0.16666666666666666, "D": 0.0, "E": 0.1111111111111111, "F": 0.05555555555555555, "G": 0.1111111111111111, "H": 0.05555555555555555, "I": 0.0, "K": 0.05555555555555555, "L": 0.0, "M": 0.0, "N": 0.05555555555555555, "P": 0.05555555555555555, "Q": 0.0, "R": 0.1111111111111111, "S": 0.05555555555555555, "T": 0.05555555555555555, "V": 0.0, "W": 0.05555555555555555, "Y": 0.0}, "discrete_seq": ["NECFKCGRSGHWARECPT", "DICYRCGESGHLAKDCDL", "DACYNCGRGGHIAKDCKE", "QCCYNCGKPGHLARDCDH", "QKCYSCGEFGHIQKDCTK", "VKCYRCGETGHVAINCSK", "VNCYRCGESGHLARECTI"], "concat_seq": "NECFKCGRSGHWARECPTDICYRCGESGHLAKDCDLDACYNCGRGGHIAKDCKEQCCYNCGKPGHLARDCDHQKCYSCGEFGHIQKDCTKVKCYRCGETGHVAINCSKVNCYRCGESGHLARECTI"}], "patterning": {"mean_lambda": 0.5715, "faro": 0.0909, "shd": 3.8791, "scd": 0.8482, "ah_ij": -0.7845, "nu_svr": 0.5139, "saturation_conc_mgml": 101.1732}, "ppi": {"all_partners": [], "partners_in_pilot_set": [], "ensp_all_partners": [], "ensp_partners_in_pilot_set": []}, "go_terms": {"cellular_component": [{"id": "GO:0005737", "description": "cytoplasm", "evidence": "IBA:GO_Central"}, {"id": "GO:0005829", "description": "cytosol", "evidence": "ISS:UniProtKB"}, {"id": "GO:0005783", "description": "endoplasmic reticulum", "evidence": "ISS:UniProtKB"}], "biological_process": [{"id": "GO:0042632", "description": "cholesterol homeostasis", "evidence": "TAS:GO_Central"}, {"id": "GO:0071919", "description": "G-quadruplex DNA formation", "evidence": "IDA:ARUK-UCL"}, {"id": "GO:0000122", "description": "negative regulation of transcription by RNA polymerase II", "evidence": "IDA:NTNU_SB"}, {"id": "GO:0008284", "description": "positive regulation of cell population proliferation", "evidence": "ISS:UniProtKB"}, {"id": "GO:2000767", "description": "positive regulation of cytoplasmic translation", "evidence": "IBA:GO_Central"}, {"id": "GO:0045893", "description": "positive regulation of DNA-templated transcription", "evidence": "ISS:UniProtKB"}, {"id": "GO:0045944", "description": "positive regulation of transcription by RNA polymerase II", "evidence": "ISS:UniProtKB"}, {"id": "GO:0006355", "description": "regulation of DNA-templated transcription", "evidence": "TAS:ProtInc"}], "molecular_function": [{"id": "GO:0051880", "description": "G-quadruplex DNA binding", "evidence": "IDA:ARUK-UCL"}, {"id": "GO:0003729", "description": "mRNA binding", "evidence": "IBA:GO_Central"}, {"id": "GO:0003723", "description": "RNA binding", "evidence": "HDA:UniProtKB"}, {"id": "GO:0003727", "description": "single-stranded RNA binding", "evidence": "IBA:GO_Central"}, {"id": "GO:0045182", "description": "translation regulator activity", "evidence": "IBA:GO_Central"}, {"id": "GO:0008270", "description": "zinc ion binding", "evidence": "IEA:UniProtKB-KW"}]}, "condensate_details": [{"species_tax_id": 9606, "dna_associated": "No", "rna_associated": "Yes", "chemical_mods": "Yes", "condensatopathy": "Yes", "condensate_db_uid": "DEE660B4", "reported_protein_count": 1191}], "gene_annotation": {"approved_name": "CCHC-type zinc finger nucleic acid binding protein", "biotype": "protein_coding", "id_list": ["ENSG00000169714"], "transcript_ids": ["ENST00000422453", "ENST00000500450", "ENST00000502976", "ENST00000446936", "ENST00000451728", "ENST00000512338", "ENST00000502372", "ENST00000441626", "ENST00000507573", "ENST00000504813"], "canonical_transcript": {"id": "ENST00000422453", "chromosome": "3", "start": 129167827.0, "end": 129183896.0, "strand": "-"}, "canonical_exons": ["129167827", "129170570", "129171079", "129171277", "129171446", "129171538", "129171634", "129171771", "129183776", "129183896"], "genomic_location": {"chromosome": "3", "start": 129167827, "end": 129183922, "strand": -1},