{"sequence": "MASDEGKLFVGGLSFDTNEQSLEQVFSKYGQISEVVVVKDRETQRSRGFGFVTFENIDDAKDAMMAMNGKSVDGRQIRVDQAGKSSDNRSRGYRGGSAGGRGFFRGGRGRGRGFSRGGGDRGYGGNRFESRSGGYGGSRDYYSSRSQSGGYSDRSSGGSYRDSYDSYATHNE", "hgvs": {"protein_hgvs": ["NP_001271.1"], "description": "cold inducible RNA binding protein", "ensp": "ENSP00000322887.4", "ensp_clean": "ENSP00000322887", "unique_name": "CIRBP"}, "biophysics_regions": {"whole": {"fcr": 0.2848837209302325, "ncpr": 0.0290697674418604, "kappa": 0.1442166435133045, "delta": 0.0388874418806472, "delta_max": 0.2696460057126469, "isoelectric_point": 9.625, "molecular_weight": 18651.700000000004, "count_neg": 22.0, "count_pos": 27.0, "count_neut": 123.0, "fraction_negative": 0.127906976744186, "fraction_positive": 0.1569767441860465, "fraction_expanding": 0.2848837209302325, "fraction_disorder_promoting": 0.7383720930232558, "mean_net_charge": 0.0290697674418604, "mean_hydropathy": 3.4412790697674422, "uversky_hydropathy": 0.3823643410852711, "ppii_propensity": 0.289302325581396, "amino_acid_fractions": {"A": 0.040697674418604654, "C": 0.0, "D": 0.08139534883720931, "E": 0.046511627906976744, "F": 0.05813953488372093, "G": 0.19767441860465115, "H": 0.005813953488372093, "I": 0.01744186046511628, "K": 0.03488372093023256, "L": 0.01744186046511628, "M": 0.023255813953488372, "N": 0.03488372093023256, "P": 0.0, "Q": 0.040697674418604654, "R": 0.12209302325581395, "S": 0.14534883720930233, "T": 0.023255813953488372, "V": 0.05232558139534884, "W": 0.0, "Y": 0.05813953488372093}}, "idr_segments": [{"start": 74, "end": 172, "size": 98, "fcr": 0.2857142857142857, "ncpr": 0.10204081632653061, "kappa": 0.12666208521103106, "delta": 0.030531273672658482, "delta_max": 0.2410450895529667, "isoelectric_point": 11.15625, "molecular_weight": 10522.500000000018, "count_neg": 9, "count_pos": 19, "count_neut": 70, "fraction_negative": 0.09183673469387756, "fraction_positive": 0.19387755102040816, "fraction_expanding": 0.2857142857142857, "fraction_disorder_promoting": 0.8163265306122449, "mean_net_charge": 0.10204081632653061, "mean_hydropathy": 2.943877551020407, "uversky_hydropathy": 0.32709750566893425, "ppii_propensity": 0.26306122448979585, "amino_acid_fractions": {"A": 0.030612244897959183, "C": 0.0, "D": 0.07142857142857142, "E": 0.02040816326530612, "F": 0.04081632653061224, "G": 0.2653061224489796, "H": 0.01020408163265306, "I": 0.01020408163265306, "K": 0.01020408163265306, "L": 0.0, "M": 0.0, "N": 0.030612244897959183, "P": 0.0, "Q": 0.030612244897959183, "R": 0.1836734693877551, "S": 0.1836734693877551, "T": 0.01020408163265306, "V": 0.01020408163265306, "W": 0.0, "Y": 0.09183673469387756}}], "fold": {"fcr": null, "ncpr": null, "kappa": null, "delta": null, "delta_max": null, "isoelectric_point": null, "molecular_weight": null, "count_neg": null, "count_pos": null, "count_neut": null, "fraction_negative": null, "fraction_positive": null, "fraction_expanding": null, "fraction_disorder_promoting": null, "mean_net_charge": null, "mean_hydropathy": null, "uversky_hydropathy": null, "ppii_propensity": null, "avg_size": 74.0, "count": 1}}, "region_sequences": {"idr_discrete": ["RQIRVDQAGKSSDNRSRGYRGGSAGGRGFFRGGRGRGRGFSRGGGDRGYGGNRFESRSGGYGGSRDYYSSRSQSGGYSDRSSGGSYRDSYDSYATHNE"], "idr_concat": "RQIRVDQAGKSSDNRSRGYRGGSAGGRGFFRGGRGRGRGFSRGGGDRGYGGNRFESRSGGYGGSRDYYSSRSQSGGYSDRSSGGSYRDSYDSYATHNE", "fold_discrete": ["MASDEGKLFVGGLSFDTNEQSLEQVFSKYGQISEVVVVKDRETQRSRGFGFVTFENIDDAKDAMMAMNGKSVDG"], "fold_concat": "MASDEGKLFVGGLSFDTNEQSLEQVFSKYGQISEVVVVKDRETQRSRGFGFVTFENIDDAKDAMMAMNGKSVDG"}, "domain_types": [{"name": "RRM", "count": 1, "avg_size": 79.0, "total_size": 79, "fcr": 0.2911, "ncpr": -0.0127, "kappa": 0.1478, "omega": 0.1718, "isoelectric_point": 5.25, "molecular_weight": 8766.2, "count_neg": 12.0, "count_pos": 11.0, "count_neut": 56.0, "fraction_negative": 0.1519, "fraction_positive": 0.1392, "fraction_expanding": 0.2911, "fraction_disorder_promoting": 0.6456, "mean_net_charge": 0.0127, "mean_hydropathy": 4.0089, "uversky_hydropathy": 0.4454, "ppii_propensity": 0.3323, "delta": 0.0385, "delta_max": 0.2608, "amino_acid_fractions": {"A": 0.05063291139240506, "C": 0.0, "D": 0.08860759493670886, "E": 0.06329113924050633, "F": 0.0759493670886076, "G": 0.11392405063291139, "H": 0.0, "I": 0.0379746835443038, "K": 0.0759493670886076, "L": 0.0379746835443038, "M": 0.0379746835443038, "N": 0.0379746835443038, "P": 0.0, "Q": 0.0759493670886076, "R": 0.06329113924050633, "S": 0.0759493670886076, "T": 0.0379746835443038, "V": 0.11392405063291139, "W": 0.0, "Y": 0.012658227848101266}, "discrete_seq": ["GKLFVGGLSFDTNEQSLEQVFSKYGQISEVVVVKDRETQRSRGFGFVTFENIDDAKDAMMAMNGKSVDGRQIRVDQAGK"], "concat_seq": "GKLFVGGLSFDTNEQSLEQVFSKYGQISEVVVVKDRETQRSRGFGFVTFENIDDAKDAMMAMNGKSVDGRQIRVDQAGK"}], "patterning": {"mean_lambda": 0.5861, "faro": 0.1327, "shd": 4.9496, "scd": 0.3825, "ah_ij": -0.7957, "nu_svr": 0.4713, "saturation_conc_mgml": 13.9453}, "ppi": {"all_partners": [], "partners_in_pilot_set": [], "ensp_all_partners": [], "ensp_partners_in_pilot_set": []}, "go_terms": {"cellular_component": [{"id": "GO:0005737", "description": "cytoplasm", "evidence": "IDA:UniProtKB"}, {"id": "GO:0010494", "description": "cytoplasmic stress granule", "evidence": "ISS:UniProtKB"}, {"id": "GO:0005654", "description": "nucleoplasm", "evidence": "IDA:HPA"}, {"id": "GO:0005634", "description": "nucleus", "evidence": "IDA:UniProtKB"}, {"id": "GO:0005681", "description": "spliceosomal complex", "evidence": "IBA:GO_Central"}], "biological_process": [{"id": "GO:0048255", "description": "mRNA stabilization", "evidence": "IDA:UniProtKB"}, {"id": "GO:0048026", "description": "positive regulation of mRNA splicing, via spliceosome", "evidence": "IBA:GO_Central"}, {"id": "GO:0045727", "description": "positive regulation of translation", "evidence": "IDA:UniProtKB"}, {"id": "GO:0009409", "description": "response to cold", "evidence": "TAS:ProtInc"}, {"id": "GO:0009411", "description": "response to UV", "evidence": "IDA:UniProtKB"}, {"id": "GO:0034063", "description": "stress granule assembly", "evidence": "ISS:UniProtKB"}], "molecular_function": [{"id": "GO:0003730", "description": "mRNA 3'-UTR binding", "evidence": "IDA:UniProtKB"}, {"id": "GO:0003723", "description": "RNA binding", "evidence": "HDA:UniProtKB"}, {"id": "GO:0070181", "description": "small ribosomal subunit rRNA binding", "evidence": "IDA:UniProtKB"}, {"id": "GO:0030371", "description": "translation repressor activity", "evidence": "ISS:UniProtKB"}]}, "condensate_details": [{"species_tax_id": 9606, "dna_associated": "No", "rna_associated": "Yes", "chemical_mods": "Yes", "condensatopathy": "Yes", "condensate_db_uid": "6F24707C", "reported_protein_count": 75}, {"species_tax_id": 9606, "dna_associated": "No", "rna_associated": "Yes", "chemical_mods": "Yes", "condensatopathy": "Yes", "condensate_db_uid": "91857CE7", "reported_protein_count": 1300}, {"species_tax_id": 9606, "dna_associated": "No", "rna_associated": "Yes", "chemical_mods": "Yes", "condensatopathy": "Yes", "condensate_db_uid": "1A18FFC4", "reported_protein_count": 70}, {"species_tax_id": 9606, "dna_associated": "No", "rna_associated": "Yes", "chemical_mods": "Yes", "condensatopathy": "Yes", "condensate_db_uid": "DEE660B4", "reported_protein_count": 1191}], "gene_annotation": {"approved_name": "cold inducible RNA binding protein", "biotype": "protein_coding", "id_list": ["ENSG00000099622"],