{"sequence": "MGPGGPLLSPSRGFLLCKTGWHSNRLLGDCGPHTPVSTALSFIAVGMAAPSMKERQVCWGARDEYWKCLDENLEDASQCKKLRSSFESSCPQQWIKYFDKRRDYLKFKEKFEAGQFEPSETTAKS", "hgvs": {"protein_hgvs": ["NP_001013003.1"], "description": "cytochrome c oxidase assembly factor 6", "ensp": "ENSP00000355571.1", "ensp_clean": "ENSP00000355571", "unique_name": "COA6"}, "biophysics_regions": {"whole": {"fcr": 0.264, "ncpr": 0.024, "kappa": 0.1522888993553367, "delta": 0.0370437434584597, "delta_max": 0.2432465111723297, "isoelectric_point": 8.3125, "molecular_weight": 14118.600000000037, "count_neg": 15.0, "count_pos": 18.0, "count_neut": 92.0, "fraction_negative": 0.12, "fraction_positive": 0.144, "fraction_expanding": 0.328, "fraction_disorder_promoting": 0.672, "mean_net_charge": 0.024, "mean_hydropathy": 3.8767999999999967, "uversky_hydropathy": 0.4307555555555553, "ppii_propensity": 0.3606400000000003, "amino_acid_fractions": {"A": 0.064, "C": 0.048, "D": 0.048, "E": 0.072, "F": 0.056, "G": 0.08, "H": 0.016, "I": 0.016, "K": 0.088, "L": 0.088, "M": 0.024, "N": 0.016, "P": 0.064, "Q": 0.04, "R": 0.056, "S": 0.104, "T": 0.04, "V": 0.024, "W": 0.032, "Y": 0.024}}, "idr_segments": [{"start": 0, "end": 52, "size": 52, "fcr": 0.07692307692307693, "ncpr": 0.038461538461538464, "kappa": 0.36582944626637526, "delta": 0.010973795934925222, "delta_max": 0.02999702743156098, "isoelectric_point": 9.625, "molecular_weight": 5296.300000000002, "count_neg": 1, "count_pos": 3, "count_neut": 48, "fraction_negative": 0.019230769230769232, "fraction_positive": 0.057692307692307696, "fraction_expanding": 0.19230769230769232, "fraction_disorder_promoting": 0.6346153846153846, "mean_net_charge": 0.038461538461538464, "mean_hydropathy": 4.809615384615384, "uversky_hydropathy": 0.5344017094017094, "ppii_propensity": 0.3505769230769232, "amino_acid_fractions": {"A": 0.07692307692307693, "C": 0.038461538461538464, "D": 0.019230769230769232, "E": 0.0, "F": 0.038461538461538464, "G": 0.15384615384615385, "H": 0.038461538461538464, "I": 0.019230769230769232, "K": 0.019230769230769232, "L": 0.1346153846153846, "M": 0.057692307692307696, "N": 0.019230769230769232, "P": 0.11538461538461539, "Q": 0.0, "R": 0.038461538461538464, "S": 0.11538461538461539, "T": 0.057692307692307696, "V": 0.038461538461538464, "W": 0.019230769230769232, "Y": 0.0}}], "fold": {"fcr": null, "ncpr": null, "kappa": null, "delta": null, "delta_max": null, "isoelectric_point": null, "molecular_weight": null, "count_neg": null, "count_pos": null, "count_neut": null, "fraction_negative": null, "fraction_positive": null, "fraction_expanding": null, "fraction_disorder_promoting": null, "mean_net_charge": null, "mean_hydropathy": null, "uversky_hydropathy": null, "ppii_propensity": null, "avg_size": 73.0, "count": 1}}, "region_sequences": {"idr_discrete": ["MGPGGPLLSPSRGFLLCKTGWHSNRLLGDCGPHTPVSTALSFIAVGMAAPSM"], "idr_concat": "MGPGGPLLSPSRGFLLCKTGWHSNRLLGDCGPHTPVSTALSFIAVGMAAPSM", "fold_discrete": ["KERQVCWGARDEYWKCLDENLEDASQCKKLRSSFESSCPQQWIKYFDKRRDYLKFKEKFEAGQFEPSETTAKS"], "fold_concat": "KERQVCWGARDEYWKCLDENLEDASQCKKLRSSFESSCPQQWIKYFDKRRDYLKFKEKFEAGQFEPSETTAKS"}, "domain_types": [{"name": "CHCH", "count": 1, "avg_size": 44.0, "total_size": 44, "fcr": 0.3182, "ncpr": 0.0, "kappa": 0.2869, "omega": 0.0833, "isoelectric_point": 7.0, "molecular_weight": 5364.0, "count_neg": 7.0, "count_pos": 7.0, "count_neut": 30.0, "fraction_negative": 0.1591, "fraction_positive": 0.1591, "fraction_expanding": 0.3409, "fraction_disorder_promoting": 0.6136, "mean_net_charge": 0.0, "mean_hydropathy": 3.5205, "uversky_hydropathy": 0.3912, "ppii_propensity": 0.3525, "delta": 0.0759, "delta_max": 0.2646, "amino_acid_fractions": {"A": 0.045454545454545456, "C": 0.09090909090909091, "D": 0.06818181818181818, "E": 0.09090909090909091, "F": 0.045454545454545456, "G": 0.022727272727272728, "H": 0.0, "I": 0.022727272727272728, "K": 0.09090909090909091, "L": 0.06818181818181818, "M": 0.0, "N": 0.022727272727272728, "P": 0.022727272727272728, "Q": 0.09090909090909091, "R": 0.06818181818181818, "S": 0.11363636363636363, "T": 0.0, "V": 0.022727272727272728, "W": 0.06818181818181818, "Y": 0.045454545454545456}, "discrete_seq": ["RQVCWGARDEYWKCLDENLEDASQCKKLRSSFESSCPQQWIKYF"], "concat_seq": "RQVCWGARDEYWKCLDENLEDASQCKKLRSSFESSCPQQWIKYF"}], "patterning": {"mean_lambda": 0.5142, "faro": 0.0577, "shd": 3.6426, "scd": -0.2575, "ah_ij": -0.7018, "nu_svr": 0.5246, "saturation_conc_mgml": 84.5114}, "ppi": {"all_partners": [], "partners_in_pilot_set": [], "ensp_all_partners": [], "ensp_partners_in_pilot_set": []}, "go_terms": {"cellular_component": [{"id": "GO:0005758", "description": "mitochondrial intermembrane space", "evidence": "IDA:UniProtKB"}, {"id": "GO:0005739", "description": "mitochondrion", "evidence": "IDA:HPA"}, {"id": "GO:0005654", "description": "nucleoplasm", "evidence": "IDA:HPA"}], "biological_process": [{"id": "GO:0042775", "description": "mitochondrial ATP synthesis coupled electron transport", "evidence": "IBA:GO_Central"}, {"id": "GO:0033617", "description": "mitochondrial cytochrome c oxidase assembly", "evidence": "IMP:UniProtKB"}, {"id": "GO:0008535", "description": "respiratory chain complex IV assembly", "evidence": "IDA:UniProtKB"}], "molecular_function": [{"id": "GO:0005507", "description": "copper ion binding", "evidence": "IDA:UniProtKB"}, {"id": "GO:0003723", "description": "RNA binding", "evidence": "HDA:UniProtKB"}]}, "condensate_details": [], "gene_annotation": {"approved_name": "cytochrome c oxidase assembly factor 6", "biotype": "protein_coding", "id_list": ["ENSG00000168275"], "transcript_ids": ["ENST00000366612", "ENST00000366613", "ENST00000619305", "ENST00000366615"], "canonical_transcript": {"id": "ENST00000366615", "chromosome": "1", "start": 234373456.0, "end": 234385080.0, "strand": "+"}, "canonical_exons": ["234383723", "234385080", "234373456", "234373678", "234374230", "234374389"], "genomic_location": {"chromosome": "1", "start": 234373456, "end": 234385080, "strand": 1}, "synonyms": [{"label": "Cytochrome c oxidase assembly factor 6 homolog", "source": "uniprot"}, {"label": "COA6", "source": "uniprot"}, {"label": "C1orf31", "source": "uniprot"}, {"label": "C1orf31", "source": "NCBI_entrez"}, {"label": "CEMCOX4", "source": "NCBI_entrez"}, {"label": "MC4DN13", "source": "NCBI_entrez"}, {"label": "cytochrome c oxidase assembly factor 6 homolog", "source": "NCBI_entrez"}, {"label": "COA6", "source": "NCBI_entrez"}], "symbol_synonyms": [{"label": "COA6", "source": "uniprot"}, {"label": "C1orf31", "source": "uniprot"}, {"label": "C1orf31", "source": "NCBI_entrez"}, {"label": "CEMCOX4", "source": "NCBI_entrez"}, {"label": "MC4DN13", "source": "NCBI_entrez"}, {"label": "COA6", "source": "NCBI_entrez"}], "name_synonyms": [{"label": "Cytochrome c oxidase assembly factor 6 homolog", "source": "uniprot"}, {"label": "cytochrome c oxidase assembly factor 6 homolog", "source": "NCBI_entrez"}], "function_descriptions": ["Involved in the maturation of the mitochondrial respiratory chain complex IV subunit MT-CO2/COX2. Thereby, may regulate early steps of complex IV assembly. Mitochondrial respiratory chain complex IV or cytochrome c oxidase is the component of the respiratory chain that catalyzes the transfer of electrons from intermembrane space cytochrome c to molecular oxygen in the matrix and as a consequence contributes to the proton gradient involved in mitochondrial ATP synthesis. May also be required for efficient formation of respiratory supercomplexes comprised of complexes III and IV. {ECO:0000269|PubMed:24549041, ECO:0000269|PubMed:25959673, ECO:0000269|PubMed:26160915}."], "subcellular_locations": [{"location": "Mitochondrion intermembrane space", "source": "uniprot", "termSL": "SL-0169", "labelSL": "Cellular component"}, {"location": "Mitochondria", "source": "HPA_main", "termSL": "SL-0173", "labelSL": "Mitochondrion"}, {"location": "Nucleoplasm", "source": "HPA_additional", "termSL": "SL-0190", "labelSL": "Nucleoplasm"}],