{"sequence": "MMPGPRPRKGPQARGQGVAAAKQMGLFMEFGPEDMLLGMDEAEDDEDLEAELLALTGEAQTTGKKPAPKGQAPLPMAHIEKLAADCMRDVEEEEEEEGLEEDAELLTELQEVLGVDEETEPLDGDEVADPGGSEEENGLEDTEPPVQTAVLTASAPAAQAGASQGLHALLEERIHNYREAAASAKEAGEAAKARRCERGLKTLESQLASVRRGRKINEDEIPPPVALGKRPLAPQEPANRSPETDPPAPPALESDNPSQPETSLPGISAQPVSDLDPDPRALLSSRQREYKVAALSAKRAGELDRARELMRIGKRFGAVLEALEKGQPVDLSAMPPAPEDLKPQQASQAPTAPSVIPPAVERVQPVMAPDVPATPVAPTESQTVLDALQQRLNKYREAGIQARSGGDERKARMHERIAKQYQDAIRAHRAGRKVNFAELPVPPGFPPIPGLESTMGVEEDAVAATLAAAEKLASAEDSAPADKDEDEPPGHLQGEPPAQAPVAKKPARPTVPSSQRLPEPRASSSKESPSPSVREQLALLEARKLQYQRAALQAKRSQDLEQAKAYLRVAKWLEAQIIQARSGRPVDLSKVPSPLTDEEGDFILIHHEDLRLSQKAEEVYAQLQKMLLEQQEKCLLFSKQFMHQGNVAETTRFEKLAQDRKKQLEILQLAQAQGLDPPTHHFELKTFQTVRIFSELNSTEMHLIIVRGMNLPAPPGVTPDDLDAFVRFEFHYPNSDQAQKSKTAVVKNTNSPEFDQLFKLNINRNHRGFKRVIQSKGIKFEIFHKGSFFRSDKLVGTAHLKLERLENECEIREIVEVLDGRKPTGGKLEVKVRLREPLSGQDVQMVTENWLVLEPRGL", "hgvs": {"protein_hgvs": ["NP_115825.1"], "description": "coiled-coil and C2 domain containing 1B", "ensp": "ENSP00000284376.3", "ensp_clean": "ENSP00000284376", "unique_name": "CC2D1B"}, "biophysics_regions": {"whole": {"fcr": 0.2913752913752914, "ncpr": -0.0372960372960372, "kappa": 0.2364230159440462, "delta": 0.067613365566579, "delta_max": 0.2859847011789282, "isoelectric_point": 4.8125, "molecular_weight": 94238.39999999983, "count_neg": 141.0, "count_pos": 109.0, "count_neut": 608.0, "fraction_negative": 0.1643356643356643, "fraction_positive": 0.127039627039627, "fraction_expanding": 0.3822843822843823, "fraction_disorder_promoting": 0.7307692307692307, "mean_net_charge": 0.0372960372960372, "mean_hydropathy": 3.8593240093239785, "uversky_hydropathy": 0.4288137788137785, "ppii_propensity": 0.4041724941724938, "amino_acid_fractions": {"A": 0.11655011655011654, "C": 0.004662004662004662, "D": 0.053613053613053616, "E": 0.11072261072261072, "F": 0.02564102564102564, "G": 0.05944055944055944, "H": 0.018648018648018648, "I": 0.029137529137529136, "K": 0.05944055944055944, "L": 0.10139860139860139, "M": 0.02097902097902098, "N": 0.02097902097902098, "P": 0.09090909090909091, "Q": 0.0641025641025641, "R": 0.0675990675990676, "S": 0.053613053613053616, "T": 0.03613053613053613, "V": 0.054778554778554776, "W": 0.002331002331002331, "Y": 0.009324009324009324}}, "idr": {"fcr": "[0.29581151832460734, 0.24489795918367346]", "ncpr": "[-0.09162303664921466, -0.08163265306122448]", "kappa": "[0.3017968303336544, 0.2394298924776036]", "delta": "[0.08262093149430502, 0.04921083024849018]", "delta_max": "[0.27376341694166456, 0.20553335984600746]", "isoelectric_point": "[4.15625, 4.15625]", "molecular_weight": "[40612.59999999969, 9987.000000000018]", "count_neg": "[74, 16]", "count_pos": "[39, 8]", "count_neut": "[269, 74]", "fraction_negative": "[0.193717277486911, 0.16326530612244897]", "fraction_positive": "[0.10209424083769633, 0.08163265306122448]", "fraction_expanding": "[0.41361256544502617, 0.4387755102040816]", "fraction_disorder_promoting": "[0.774869109947644, 0.8367346938775511]", "mean_net_charge": "[0.09162303664921466, 0.08163265306122448]", "mean_hydropathy": "[3.8528795811518304, 3.9163265306122432]", "uversky_hydropathy": "[0.428097731239093, 0.4351473922902493]", "ppii_propensity": "[0.4213612565445023, 0.4682653061224493]", "avg_size": 240.0, "amino_acid_fractions": [{"A": 0.14397905759162305, "C": 0.005235602094240838, "D": 0.060209424083769635, "E": 0.13350785340314136, "F": 0.007853403141361256, "G": 0.07068062827225131, "H": 0.007853403141361256, "I": 0.01832460732984293, "K": 0.041884816753926704, "L": 0.0968586387434555, "M": 0.028795811518324606, "N": 0.013089005235602094, "P": 0.11780104712041885, "Q": 0.05235602094240838, "R": 0.060209424083769635, "S": 0.049738219895287955, "T": 0.03664921465968586, "V": 0.049738219895287955, "W": 0.0, "Y": 0.005235602094240838}, {"A": 0.16326530612244897, "C": 0.0, "D": 0.05102040816326531, "E": 0.11224489795918367, "F": 0.02040816326530612, "G": 0.05102040816326531, "H": 0.01020408163265306, "I": 0.01020408163265306, "K": 0.05102040816326531, "L": 0.061224489795918366, "M": 0.01020408163265306, "N": 0.0, "P": 0.19387755102040816, "Q": 0.030612244897959183, "R": 0.030612244897959183, "S": 0.11224489795918367, "T": 0.030612244897959183, "V": 0.061224489795918366, "W": 0.0, "Y": 0.0}]}, "fold": {"fcr": null, "ncpr": null, "kappa": null, "delta": null, "delta_max": null, "isoelectric_point": null, "molecular_weight": null, "count_neg": null, "count_pos": null, "count_neut": null, "fraction_negative": null, "fraction_positive": null, "fraction_expanding": null, "fraction_disorder_promoting": null, "mean_net_charge": null, "mean_hydropathy": null, "uversky_hydropathy": null, "ppii_propensity": null, "avg_size": 189.0, "count": 2}}, "region_sequences": {"idr_discrete": ["MMPGPRPRKGPQARGQGVAAAKQMGLFMEFGPEDMLLGMDEAEDDEDLEAELLALTGEAQTTGKKPAPKGQAPLPMAHIEKLAADCMRDVEEEEEEEGLEEDAELLTELQEVLGVDEETEPLDGDEVADPGGSEEENGLEDTEPPVQTAVLTASAPAAQAGASQGLHALLEERIHNYREAAASAKEAGEAAKARRCERGLKTLESQLASVRRGRKINEDEIPPPVALGKRPLAPQEPANRSPETDPPAPPALESDNPSQPETSLPGISAQPVSDLDPDPRALLSSRQREYKVAALSAKRAGELDRARELMRIGKRFGAVLEALEKGQPVDLSAMPPAPEDLKPQQASQAPTAPSVIPPAVERVQPVMAPDVPATPVAPTESQ", "FAELPVPPGFPPIPGLESTMGVEEDAVAATLAAAEKLASAEDSAPADKDEDEPPGHLQGEPPAQAPVAKKPARPTVPSSQRLPEPRASSSKESPSPSV"], "idr_concat": "MMPGPRPRKGPQARGQGVAAAKQMGLFMEFGPEDMLLGMDEAEDDEDLEAELLALTGEAQTTGKKPAPKGQAPLPMAHIEKLAADCMRDVEEEEEEEGLEEDAELLTELQEVLGVDEETEPLDGDEVADPGGSEEENGLEDTEPPVQTAVLTASAPAAQAGASQGLHALLEERIHNYREAAASAKEAGEAAKARRCERGLKTLESQLASVRRGRKINEDEIPPPVALGKRPLAPQEPANRSPETDPPAPPALESDNPSQPETSLPGISAQPVSDLDPDPRALLSSRQREYKVAALSAKRAGELDRARELMRIGKRFGAVLEALEKGQPVDLSAMPPAPEDLKPQQASQAPTAPSVIPPAVERVQPVMAPDVPATPVAPTESQFAELPVPPGFPPIPGLESTMGVEEDAVAATLAAAEKLASAEDSAPADKDEDEPPGHLQGEPPAQAPVAKKPARPTVPSSQRLPEPRASSSKESPSPSV", "fold_discrete": ["TVLDALQQRLNKYREAGIQARSGGDERKARMHERIAKQYQDAIRAHRAGRKVN", "REQLALLEARKLQYQRAALQAKRSQDLEQAKAYLRVAKWLEAQIIQARSGRPVDLSKVPSPLTDEEGDFILIHHEDLRLSQKAEEVYAQLQKMLLEQQEKCLLFSKQFMHQGNVAETTRFEKLAQDRKKQLEILQLAQAQGLDPPTHHFELKTFQTVRIFSELNSTEMHLIIVRGMNLPAPPGVTPDDLDAFVRFEFHYPNSDQAQKSKTAVVKNTNSPEFDQLFKLNINRNHRGFKRVIQSKGIKFEIFHKGSFFRSDKLVGTAHLKLERLENECEIREIVEVLDGRKPTGGKLEVKVRLREPLSGQDVQMVTENWLVLEPRGL"], "fold_concat": "TVLDALQQRLNKYREAGIQARSGGDERKARMHERIAKQYQDAIRAHRAGRKVNREQLALLEARKLQYQRAALQAKRSQDLEQAKAYLRVAKWLEAQIIQARSGRPVDLSKVPSPLTDEEGDFILIHHEDLRLSQKAEEVYAQLQKMLLEQQEKCLLFSKQFMHQGNVAETTRFEKLAQDRKKQLEILQLAQAQGLDPPTHHFELKTFQTVRIFSELNSTEMHLIIVRGMNLPAPPGVTPDDLDAFVRFEFHYPNSDQAQKSKTAVVKNTNSPEFDQLFKLNINRNHRGFKRVIQSKGIKFEIFHKGSFFRSDKLVGTAHLKLERLENECEIREIVEVLDGRKPTGGKLEVKVRLREPLSGQDVQMVTENWLVLEPRGL"}, "domain_types": [{"name": "C2", "count": 1, "avg_size": 140.0, "total_size": 140, "fcr": 0.2714, "ncpr": 0.0143, "kappa": 0.1906, "omega": 0.0787, "isoelectric_point": 8.75, "molecular_weight": 16266.9, "count_neg": 18.0, "count_pos": 20.0, "count_neut": 102.0, "fraction_negative": 0.1286, "fraction_positive": 0.1429, "fraction_expanding": 0.3286, "fraction_disorder_promoting": 0.6071, "mean_net_charge": 0.0143, "mean_hydropathy": 3.9679, "uversky_hydropathy": 0.4409, "ppii_propensity": 0.3641, "delta": 0.0484, "delta_max": 0.2539, "amino_acid_fractions": {"A": 0.03571428571428571, "C": 0.007142857142857143, "D": 0.05, "E": 0.07857142857142857, "F": 0.09285714285714286, "G": 0.04285714285714286, "H": 0.05, "I": 0.06428571428571428, "K": 0.07857142857142857, "L": 0.07857142857142857, "M": 0.014285714285714285, "N": 0.06428571428571428, "P": 0.05714285714285714, "Q": 0.03571428571428571, "R": 0.06428571428571428, "S": 0.05714285714285714, "T": 0.05714285714285714, "V": 0.06428571428571428, "W": 0.0, "Y": 0.007142857142857143}, "discrete_seq": ["DPPTHHFELKTFQTVRIFSELNSTEMHLIIVRGMNLPAPPGVTPDDLDAFVRFEFHYPNSDQAQKSKTAVVKNTNSPEFDQLFKLNINRNHRGFKRVIQSKGIKFEIFHKGSFFRSDKLVGTAHLKLERLENECEIREIV"], "concat_seq": "DPPTHHFELKTFQTVRIFSELNSTEMHLIIVRGMNLPAPPGVTPDDLDAFVRFEFHYPNSDQAQKSKTAVVKNTNSPEFDQLFKLNINRNHRGFKRVIQSKGIKFEIFHKGSFFRSDKLVGTAHLKLERLENECEIREIV"}], "patterning": {"mean_lambda": 0.3551, "faro": 0.0167, "shd": 3.4348,