{"sequence": "MSGESGQPEAGPSHAGLDWPNPERNRAGVPGGVIRRAGSQGPRSWIQKVLEQIMDSPRQCVTPSEVVPVTVLAVQRYLLEDEPRDTVPKPPLYCYDVTISDGVYQEKCYLDPSLNSLVYQNILKVGIQMRISRVSCLYNEKRIGQGILCIDNVHCGETSDSISLETPFRNRAHQEKPERPLRGGKSHYLALWNNEDPYGDIWLTDKQPEEHNFSDTKIISLSHLEMTWTNRRNFPALLVRILHKSKLRYYGKPDKKMIEPYQTFLEVADSSGTVSVIMWNALCPEWYKSLRVGLVLLLQDYSVKKSYPFRIQPVPVDPQIKLISTMEICLNLRDPPTNIIIIPEKQVKPEWRLPKLNHRFTTRSELDDMPENCICDVIGLLVFVGRVQRSKKKENREDFWSYRWIHIADGTSEQPFIVELFSTSQPEIFENIYPMAYFVCTQLKVVRNDNQVPKLLYLTTTNESGVFITGHRGQPYTYDAKVKNFIQWIRTKSDSGEQKNMVIGGYYPYPPVPETFSKYSSSIKVESLLTAISEVRKEIEDLQYREQKRIAIQGIITAIKYIPHSSATESASASETLRNANRPSTSQAARVEIQERNGKRHQDDEPVNSQYFQTTSTNLSLSNKIRILQGPHANPVAVPQPGASVQTKGIKPGMPSIFNRRANINANLQGKARKTISDRWESQLWREKKFGLIDHLHYSRVYPESIPRKFMFEHRKFLSDQYNSQPAKYVPPEGRPPKLDDFKSARSLGHFEVTILGLNHEIAIDVAFLPMYCPEDIRTSQIDTLLTSMNYSCAYPQDTTGNDRLPGPRAVAGDIIKAATELDRVHIVGILDICNLGNNKVEVYLHKIYSPENTS", "hgvs": {"protein_hgvs": ["NP_060485.4"], "description": "chromosome X open reading frame 57", "ensp": "ENSP00000361623.2", "ensp_clean": "ENSP00000361623", "unique_name": "CXorf57"}, "biophysics_regions": {"whole": {"fcr": 0.2374269005847953, "ncpr": 0.0105263157894736, "kappa": 0.1668386367337416, "delta": 0.0390891123537045, "delta_max": 0.2342929259011327, "isoelectric_point": 8.75, "molecular_weight": 97568.70000000016, "count_neg": 97.0, "count_pos": 106.0, "count_neut": 652.0, "fraction_negative": 0.1134502923976608, "fraction_positive": 0.1239766081871345, "fraction_expanding": 0.312280701754386, "fraction_disorder_promoting": 0.6116959064327485, "mean_net_charge": 0.0105263157894736, "mean_hydropathy": 3.986198830409363, "uversky_hydropathy": 0.4429109811565957, "ppii_propensity": 0.3800818713450283, "amino_acid_fractions": {"A": 0.04327485380116959, "C": 0.016374269005847954, "D": 0.04912280701754386, "E": 0.06432748538011696, "F": 0.028070175438596492, "G": 0.05263157894736842, "H": 0.023391812865497075, "I": 0.07602339181286549, "K": 0.05964912280701754, "L": 0.0783625730994152, "M": 0.016374269005847954, "N": 0.050292397660818715, "P": 0.07485380116959064, "Q": 0.04912280701754386, "R": 0.06432748538011696, "S": 0.07953216374269007, "T": 0.05146198830409357, "V": 0.06432748538011696, "W": 0.0152046783625731, "Y": 0.04327485380116959}}, "idr": {"fcr": "[0.20930232558139536, 0.1891891891891892]", "ncpr": "[0.023255813953488372, 0.06306306306306306]", "kappa": "[0.2708457025711688, 0.23519255747205303]", "delta": "[0.038227110843816886, 0.0366999355932223]", "delta_max": "[0.14113980942257015, 0.1560420788297402]", "isoelectric_point": "[11.8125, 11.8125]", "molecular_weight": "[4394.499999999999, 12000.200000000026]", "count_neg": "[4, 7]", "count_pos": "[5, 14]", "count_neut": "[34, 90]", "fraction_negative": "[0.09302325581395349, 0.06306306306306306]", "fraction_positive": "[0.11627906976744186, 0.12612612612612611]", "fraction_expanding": "[0.3488372093023256, 0.2702702702702703]", "fraction_disorder_promoting": "[0.813953488372093, 0.7207207207207207]", "mean_net_charge": "[0.023255813953488372, 0.06306306306306306]", "mean_hydropathy": "[3.4488372093023254, 3.586486486486484]", "uversky_hydropathy": "[0.38320413436692513, 0.3984984984984984]", "ppii_propensity": "[0.3927906976744187, 0.3899099099099102]", "avg_size": 77.0, "amino_acid_fractions": [{"A": 0.09302325581395349, "C": 0.0, "D": 0.023255813953488372, "E": 0.06976744186046512, "F": 0.0, "G": 0.20930232558139536, "H": 0.023255813953488372, "I": 0.023255813953488372, "K": 0.0, "L": 0.023255813953488372, "M": 0.023255813953488372, "N": 0.046511627906976744, "P": 0.13953488372093023, "Q": 0.046511627906976744, "R": 0.11627906976744186, "S": 0.09302325581395349, "T": 0.0, "V": 0.046511627906976744, "W": 0.023255813953488372, "Y": 0.0}, {"A": 0.10810810810810811, "C": 0.0, "D": 0.018018018018018018, "E": 0.04504504504504504, "F": 0.018018018018018018, "G": 0.05405405405405406, "H": 0.02702702702702703, "I": 0.05405405405405406, "K": 0.04504504504504504, "L": 0.04504504504504504, "M": 0.009009009009009009, "N": 0.0990990990990991, "P": 0.08108108108108109, "Q": 0.08108108108108109, "R": 0.08108108108108109, "S": 0.11711711711711711, "T": 0.06306306306306306, "V": 0.04504504504504504, "W": 0.0, "Y": 0.009009009009009009}]}, "fold": {"fcr": null, "ncpr": null, "kappa": null, "delta": null, "delta_max": null, "isoelectric_point": null, "molecular_weight": null, "count_neg": null, "count_pos": null, "count_neut": null, "fraction_negative": null, "fraction_positive": null, "fraction_expanding": null, "fraction_disorder_promoting": null, "mean_net_charge": null, "mean_hydropathy": null, "uversky_hydropathy": null, "ppii_propensity": null, "avg_size": 350.5, "count": 2}}, "region_sequences": {"idr_discrete": ["MSGESGQPEAGPSHAGLDWPNPERNRAGVPGGVIRRAGSQGPR", "PHSSATESASASETLRNANRPSTSQAARVEIQERNGKRHQDDEPVNSQYFQTTSTNLSLSNKIRILQGPHANPVAVPQPGASVQTKGIKPGMPSIFNRRANINANLQGKAR"], "idr_concat": "MSGESGQPEAGPSHAGLDWPNPERNRAGVPGGVIRRAGSQGPRPHSSATESASASETLRNANRPSTSQAARVEIQERNGKRHQDDEPVNSQYFQTTSTNLSLSNKIRILQGPHANPVAVPQPGASVQTKGIKPGMPSIFNRRANINANLQGKAR", "fold_discrete": ["SWIQKVLEQIMDSPRQCVTPSEVVPVTVLAVQRYLLEDEPRDTVPKPPLYCYDVTISDGVYQEKCYLDPSLNSLVYQNILKVGIQMRISRVSCLYNEKRIGQGILCIDNVHCGETSDSISLETPFRNRAHQEKPERPLRGGKSHYLALWNNEDPYGDIWLTDKQPEEHNFSDTKIISLSHLEMTWTNRRNFPALLVRILHKSKLRYYGKPDKKMIEPYQTFLEVADSSGTVSVIMWNALCPEWYKSLRVGLVLLLQDYSVKKSYPFRIQPVPVDPQIKLISTMEICLNLRDPPTNIIIIPEKQVKPEWRLPKLNHRFTTRSELDDMPENCICDVIGLLVFVGRVQRSKKKENREDFWSYRWIHIADGTSEQPFIVELFSTSQPEIFENIYPMAYFVCTQLKVVRNDNQVPKLLYLTTTNESGVFITGHRGQPYTYDAKVKNFIQWIRTKSDSGEQKNMVIGGYYPYPPVPETFSKYSSSIKVESLLTAISEVRKEIEDLQYREQKRIAIQGIITAIKYI", "KTISDRWESQLWREKKFGLIDHLHYSRVYPESIPRKFMFEHRKFLSDQYNSQPAKYVPPEGRPPKLDDFKSARSLGHFEVTILGLNHEIAIDVAFLPMYCPEDIRTSQIDTLLTSMNYSCAYPQDTTGNDRLPGPRAVAGDIIKAATELDRVHIVGILDICNLGNNKVEVYLHKIYSPENTS"], "fold_concat": "SWIQKVLEQIMDSPRQCVTPSEVVPVTVLAVQRYLLEDEPRDTVPKPPLYCYDVTISDGVYQEKCYLDPSLNSLVYQNILKVGIQMRISRVSCLYNEKRIGQGILCIDNVHCGETSDSISLETPFRNRAHQEKPERPLRGGKSHYLALWNNEDPYGDIWLTDKQPEEHNFSDTKIISLSHLEMTWTNRRNFPALLVRILHKSKLRYYGKPDKKMIEPYQTFLEVADSSGTVSVIMWNALCPEWYKSLRVGLVLLLQDYSVKKSYPFRIQPVPVDPQIKLISTMEICLNLRDPPTNIIIIPEKQVKPEWRLPKLNHRFTTRSELDDMPENCICDVIGLLVFVGRVQRSKKKENREDFWSYRWIHIADGTSEQPFIVELFSTSQPEIFENIYPMAYFVCTQLKVVRNDNQVPKLLYLTTTNESGVFITGHRGQPYTYDAKVKNFIQWIRTKSDSGEQKNMVIGGYYPYPPVPETFSKYSSSIKVESLLTAISEVRKEIEDLQYREQKRIAIQGIITAIKYIKTISDRWESQLWREKKFGLIDHLHYSRVYPESIPRKFMFEHRKFLSDQYNSQPAKYVPPEGRPPKLDDFKSARSLGHFEVTILGLNHEIAIDVAFLPMYCPEDIRTSQIDTLLTSMNYSCAYPQDTTGNDRLPGPRAVAGDIIKAATELDRVHIVGILDICNLGNNKVEVYLHKIYSPENTS"}, "domain_types": [], "patterning": {"mean_lambda": 0.4501, "faro": 0.0251, "shd": 3.406, "scd": 0.165, "ah_ij": -0.6187, "nu_svr": 0.5364, "saturation_conc_mgml": 85.438}, "ppi": {"all_partners": [], "partners_in_pilot_set": [], "ensp_all_partners": [], "ensp_partners_in_pilot_set": []}, "go_terms": {"cellular_component": [{"id": "GO:0016607", "description": "nuclear speck", "evidence": "IDA:HPA"}, {"id": "GO:0005657", "description": "replication fork", "evidence": "IDA:UniProtKB"}], "biological_process": [{"id": "GO:2000042", "description": "negative regulation of double-strand break repair via homologous recombination", "evidence": "IDA:UniProtKB"}, {"id": "GO:0006282", "description": "regulation of DNA repair", "evidence": "IBA:GO_Central"}], "molecular_function": [{"id": "GO:0003723", "description": "RNA binding", "evidence": "HDA:UniProtKB"}, {"id": "GO:0003697", "description": "single-stranded DNA binding", "evidence": "IDA:UniProtKB"}]}, "condensate_details": [], "gene_annotation": {"approved_name": "RPA1 related single stranded DNA binding protein, X-linked", "biotype": "protein_coding", "id_list": ["ENSG00000147231"], "transcript_ids": ["ENST00000372544", "ENST00000461251", "ENST00000421550", "ENST00000478395", "ENST00000372548", "ENST00000497124"], "canonical_transcript": {"id": "ENST00000372548", "chromosome": "X", "start": 106611978.0, "end": 106679439.0, "strand": "+"},