{"sequence": "MPPPSPDSENGFYPGLPSSMNPAFFPSFSPVSPHGCTGLSVPTSGGGGGGFGGPFSATAVPPPPPPAMNIPQQQPPPPAAPQQPQSRRSPVSPQLQQQHQAAAAAFLQQRNSYNHHQPLLKQSPWSNHQSSGWGTGSMSWGAMHGRDHRRTGNMGIPGTMNQISPLKKPFSGNVIAPPKFTRSTPSLTPKSWIEDNVFRTDNNSNTLLPLQVRSSLQLPAWGSDSLQDSWCTAAGTSRIDQDRSRMYDSLNMHSLENSLIDIMRAEHDPLKGRLSYPHPGTDNLLMLNGRSSLFPIDDGLLDDGHSDQVGVLNSPTCYSAHQNGERIERFSRKVFVGGLPPDIDEDEITASFRRFGPLVVDWPHKAESKSYFPPKGYAFLLFQEESSVQALIDACIEEDGKLYLCVSSPTIKDKPVQIRPWNLSDSDFVMDGSQPLDPRKTIFVGGVPRPLRAVELAMIMDRLYGGVCYAGIDTDPELKYPKGAGRVAFSNQQSYIAAISARFVQLQHGDIDKRVEVKPYVLDDQMCDECQGARCGGKFAPFFCANVTCLQYYCEFCWANIHSRAGREFHKPLVKEGADRPRQIHFRWN", "hgvs": {"protein_hgvs": ["No NP found"], "description": "cytoplasmic polyadenylation element binding protein 2", "ensp": "ENSP00000414270.2", "ensp_clean": "ENSP00000414270", "unique_name": "CPEB2"}, "biophysics_regions": {"whole": {"fcr": 0.1901528013582342, "ncpr": -0.0033955857385398, "kappa": 0.2003890438903033, "delta": 0.0371779993456327, "delta_max": 0.1855291019103054, "isoelectric_point": 7.0, "molecular_weight": 64955.39999999952, "count_neg": 57.0, "count_pos": 55.0, "count_neut": 477.0, "fraction_negative": 0.0967741935483871, "fraction_positive": 0.0933786078098472, "fraction_expanding": 0.2954159592529711, "fraction_disorder_promoting": 0.6604414261460102, "mean_net_charge": 0.0033955857385398, "mean_hydropathy": 3.97843803056026, "uversky_hydropathy": 0.4420486700622535, "ppii_propensity": 0.3820203735144301, "amino_acid_fractions": {"A": 0.06281833616298811, "C": 0.022071307300509338, "D": 0.06281833616298811, "E": 0.03395585738539898, "F": 0.04753820033955857, "G": 0.0831918505942275, "H": 0.028862478777589132, "I": 0.04074702886247878, "K": 0.035653650254668934, "L": 0.0730050933786078, "M": 0.025466893039049237, "N": 0.04074702886247878, "P": 0.10526315789473684, "Q": 0.059422750424448216, "R": 0.057724957555178265, "S": 0.0967741935483871, "T": 0.03395585738539898, "V": 0.04753820033955857, "W": 0.01697792869269949, "Y": 0.025466893039049237}}, "idr": {"fcr": "[0.13230769230769232]", "ncpr": "[-0.003076923076923077]", "kappa": "[0.20389099639426847]", "delta": "[0.025096062933494687]", "delta_max": "[0.12308568488706526]", "isoelectric_point": "[7.875]", "molecular_weight": "[34997.199999999844]", "count_neg": "[22]", "count_pos": "[21]", "count_neut": "[282]", "fraction_negative": "[0.06769230769230769]", "fraction_positive": "[0.06461538461538462]", "fraction_expanding": "[0.26461538461538464]", "fraction_disorder_promoting": "[0.6953846153846154]", "mean_net_charge": "[0.003076923076923077]", "mean_hydropathy": "[3.8187692307692287]", "uversky_hydropathy": "[0.4243076923076928]", "ppii_propensity": "[0.3907999999999989]", "avg_size": 325.0, "amino_acid_fractions": [{"A": 0.055384615384615386, "C": 0.009230769230769232, "D": 0.052307692307692305, "E": 0.015384615384615385, "F": 0.033846153846153845, "G": 0.09230769230769231, "H": 0.036923076923076927, "I": 0.027692307692307693, "K": 0.018461538461538463, "L": 0.08, "M": 0.033846153846153845, "N": 0.05846153846153846, "P": 0.13230769230769232, "Q": 0.07076923076923076, "R": 0.046153846153846156, "S": 0.12923076923076923, "T": 0.046153846153846156, "V": 0.027692307692307693, "W": 0.018461538461538463, "Y": 0.015384615384615385}]}, "fold": {"fcr": null, "ncpr": null, "kappa": null, "delta": null, "delta_max": null, "isoelectric_point": null, "molecular_weight": null, "count_neg": null, "count_pos": null, "count_neut": null, "fraction_negative": null, "fraction_positive": null, "fraction_expanding": null, "fraction_disorder_promoting": null, "mean_net_charge": null, "mean_hydropathy": null, "uversky_hydropathy": null, "ppii_propensity": null, "avg_size": 264.0, "count": 1}}, "region_sequences": {"idr_discrete": ["MPPPSPDSENGFYPGLPSSMNPAFFPSFSPVSPHGCTGLSVPTSGGGGGGFGGPFSATAVPPPPPPAMNIPQQQPPPPAAPQQPQSRRSPVSPQLQQQHQAAAAAFLQQRNSYNHHQPLLKQSPWSNHQSSGWGTGSMSWGAMHGRDHRRTGNMGIPGTMNQISPLKKPFSGNVIAPPKFTRSTPSLTPKSWIEDNVFRTDNNSNTLLPLQVRSSLQLPAWGSDSLQDSWCTAAGTSRIDQDRSRMYDSLNMHSLENSLIDIMRAEHDPLKGRLSYPHPGTDNLLMLNGRSSLFPIDDGLLDDGHSDQVGVLNSPTCYSAHQNGE"], "idr_concat": "MPPPSPDSENGFYPGLPSSMNPAFFPSFSPVSPHGCTGLSVPTSGGGGGGFGGPFSATAVPPPPPPAMNIPQQQPPPPAAPQQPQSRRSPVSPQLQQQHQAAAAAFLQQRNSYNHHQPLLKQSPWSNHQSSGWGTGSMSWGAMHGRDHRRTGNMGIPGTMNQISPLKKPFSGNVIAPPKFTRSTPSLTPKSWIEDNVFRTDNNSNTLLPLQVRSSLQLPAWGSDSLQDSWCTAAGTSRIDQDRSRMYDSLNMHSLENSLIDIMRAEHDPLKGRLSYPHPGTDNLLMLNGRSSLFPIDDGLLDDGHSDQVGVLNSPTCYSAHQNGE", "fold_discrete": ["RIERFSRKVFVGGLPPDIDEDEITASFRRFGPLVVDWPHKAESKSYFPPKGYAFLLFQEESSVQALIDACIEEDGKLYLCVSSPTIKDKPVQIRPWNLSDSDFVMDGSQPLDPRKTIFVGGVPRPLRAVELAMIMDRLYGGVCYAGIDTDPELKYPKGAGRVAFSNQQSYIAAISARFVQLQHGDIDKRVEVKPYVLDDQMCDECQGARCGGKFAPFFCANVTCLQYYCEFCWANIHSRAGREFHKPLVKEGADRPRQIHFRWN"], "fold_concat": "RIERFSRKVFVGGLPPDIDEDEITASFRRFGPLVVDWPHKAESKSYFPPKGYAFLLFQEESSVQALIDACIEEDGKLYLCVSSPTIKDKPVQIRPWNLSDSDFVMDGSQPLDPRKTIFVGGVPRPLRAVELAMIMDRLYGGVCYAGIDTDPELKYPKGAGRVAFSNQQSYIAAISARFVQLQHGDIDKRVEVKPYVLDDQMCDECQGARCGGKFAPFFCANVTCLQYYCEFCWANIHSRAGREFHKPLVKEGADRPRQIHFRWN"}, "domain_types": [{"name": "RRM", "count": 2, "avg_size": 87.5, "total_size": 175, "fcr": 0.2503, "ncpr": 0.0018, "kappa": 0.2289, "omega": 0.2433, "isoelectric_point": 7.1094, "molecular_weight": 9806.8, "count_neg": 11.0, "count_pos": 11.0, "count_neut": 65.5, "fraction_negative": 0.1243, "fraction_positive": 0.126, "fraction_expanding": 0.3294, "fraction_disorder_promoting": 0.611, "mean_net_charge": 0.0344, "mean_hydropathy": 4.375, "uversky_hydropathy": 0.4861, "ppii_propensity": 0.3819, "delta": 0.0516, "delta_max": 0.2186, "amino_acid_fractions": {"A": 0.05434782608695652, "C": 0.021739130434782608, "D": 0.07608695652173914, "E": 0.07608695652173914, "F": 0.06521739130434782, "G": 0.05434782608695652, "H": 0.010869565217391304, "I": 0.06521739130434782, "K": 0.07608695652173914, "L": 0.08695652173913043, "M": 0.0, "N": 0.010869565217391304, "P": 0.09782608695652174, "Q": 0.03260869565217391, "R": 0.043478260869565216, "S": 0.07608695652173914, "T": 0.021739130434782608, "V": 0.07608695652173914, "W": 0.021739130434782608, "Y": 0.03260869565217391}, "discrete_seq": ["RKVFVGGLPPDIDEDEITASFRRFGPLVVDWPHKAESKSYFPPKGYAFLLFQEESSVQALIDACIEEDGKLYLCVSSPTIKDKPVQIRPWNL", "KTIFVGGVPRPLRAVELAMIMDRLYGGVCYAGIDTDPELKYPKGAGRVAFSNQQSYIAAISARFVQLQHGDIDKRVEVKPYVL"], "concat_seq": "RKVFVGGLPPDIDEDEITASFRRFGPLVVDWPHKAESKSYFPPKGYAFLLFQEESSVQALIDACIEEDGKLYLCVSSPTIKDKPVQIRPWNLKTIFVGGVPRPLRAVELAMIMDRLYGGVCYAGIDTDPELKYPKGAGRVAFSNQQSYIAAISARFVQLQHGDIDKRVEVKPYVL"}], "patterning": {"mean_lambda": 0.4721, "faro": 0.0677, "shd": 5.0715, "scd": -1.8515, "ah_ij": -0.6733, "nu_svr": 0.4876, "saturation_conc_mgml": 7.3366}, "ppi": {"all_partners": [], "partners_in_pilot_set": [], "ensp_all_partners": [], "ensp_partners_in_pilot_set": []}, "go_terms": {"cellular_component": [{"id": "GO:0005737", "description": "cytoplasm", "evidence": "IDA:UniProtKB"}, {"id": "GO:0043005", "description": "neuron projection", "evidence": "IBA:GO_Central"}, {"id": "GO:0005634", "description": "nucleus", "evidence": "IDA:UniProtKB"}, {"id": "GO:0045202", "description": "synapse", "evidence": "IBA:GO_Central"}], "biological_process": [{"id": "GO:0071456", "description": "cellular response to hypoxia", "evidence": "IDA:UniProtKB"}, {"id": "GO:0032869", "description": "cellular response to insulin stimulus", "evidence": "IDA:UniProtKB"}, {"id": "GO:2000766", "description": "negative regulation of cytoplasmic translation", "evidence": "IMP:UniProtKB"}, {"id": "GO:1900248", "description": "negative regulation of cytoplasmic translational elongation", "evidence": "ISS:UniProtKB"}], "molecular_function": [{"id": "GO:0005095", "description": "GTPase inhibitor activity", "evidence": "ISS:UniProtKB"}, {"id": "GO:0035925", "description": "mRNA 3'-UTR AU-rich region binding", "evidence": "ISS:UniProtKB"}, {"id": "GO:0003730", "description": "mRNA 3'-UTR binding", "evidence": "IBA:GO_Central"}, {"id": "GO:0000900", "description": "mRNA regulatory element binding translation repressor activity",