{"sequence": "MHSLATAAPVPTTLAQVDREKIYQWINELSSPETRENALLELSKKRESVPDLAPMLWHSFGTIAALLQEIVNIYPSINPPTLTAHQSNRVCNALALLQCVASHPETRSAFLAAHIPLFLYPFLHTVSKTRPFEYLRLTSLGVIGALVKTDEQEVINFLLTTEIIPLCLRIMESGSELSKTVATFILQKILLDDTGLAYICQTYERFSHVAMILGKMVLQLSKEPSARLLKHVVRCYLRLSDNPRAREALRQCLPDQLKDTTFAQVLKDDTTTKRWLAQLVKNLQEGQVTDPRGIPLPPQ", "hgvs": {"protein_hgvs": ["NP_005435.1"], "description": "CCR4-NOT transcription complex subunit 9", "ensp": "ENSP00000273064.6", "ensp_clean": "ENSP00000273064", "unique_name": "CNOT9"}, "biophysics_regions": {"whole": {"fcr": 0.2006688963210702, "ncpr": 0.0066889632107023, "kappa": 0.127321240569434, "delta": 0.0243956974485868, "delta_max": 0.1916074438128238, "isoelectric_point": 7.875, "molecular_weight": 33636.6999999999, "count_neg": 29.0, "count_pos": 31.0, "count_neut": 239.0, "fraction_negative": 0.0969899665551839, "fraction_positive": 0.1036789297658862, "fraction_expanding": 0.2675585284280936, "fraction_disorder_promoting": 0.5986622073578596, "mean_net_charge": 0.0066889632107023, "mean_hydropathy": 4.483612040133783, "uversky_hydropathy": 0.4981791155704201, "ppii_propensity": 0.374080267558528, "amino_acid_fractions": {"A": 0.0802675585284281, "C": 0.020066889632107024, "D": 0.03678929765886288, "E": 0.06020066889632107, "F": 0.030100334448160536, "G": 0.026755852842809364, "H": 0.026755852842809364, "I": 0.056856187290969896, "K": 0.046822742474916385, "L": 0.15384615384615385, "M": 0.016722408026755852, "N": 0.030100334448160536, "P": 0.06688963210702341, "Q": 0.05351170568561873, "R": 0.056856187290969896, "S": 0.06354515050167224, "T": 0.0802675585284281, "V": 0.06020066889632107, "W": 0.010033444816053512, "Y": 0.023411371237458192}}, "idr_segments": [], "fold": {"fcr": null, "ncpr": null, "kappa": null, "delta": null, "delta_max": null, "isoelectric_point": null, "molecular_weight": null, "count_neg": null, "count_pos": null, "count_neut": null, "fraction_negative": null, "fraction_positive": null, "fraction_expanding": null, "fraction_disorder_promoting": null, "mean_net_charge": null, "mean_hydropathy": null, "uversky_hydropathy": null, "ppii_propensity": null, "avg_size": 299.0, "count": 1}}, "region_sequences": {"idr_discrete": [], "idr_concat": null, "fold_discrete": ["MHSLATAAPVPTTLAQVDREKIYQWINELSSPETRENALLELSKKRESVPDLAPMLWHSFGTIAALLQEIVNIYPSINPPTLTAHQSNRVCNALALLQCVASHPETRSAFLAAHIPLFLYPFLHTVSKTRPFEYLRLTSLGVIGALVKTDEQEVINFLLTTEIIPLCLRIMESGSELSKTVATFILQKILLDDTGLAYICQTYERFSHVAMILGKMVLQLSKEPSARLLKHVVRCYLRLSDNPRAREALRQCLPDQLKDTTFAQVLKDDTTTKRWLAQLVKNLQEGQVTDPRGIPLPPQ"], "fold_concat": "MHSLATAAPVPTTLAQVDREKIYQWINELSSPETRENALLELSKKRESVPDLAPMLWHSFGTIAALLQEIVNIYPSINPPTLTAHQSNRVCNALALLQCVASHPETRSAFLAAHIPLFLYPFLHTVSKTRPFEYLRLTSLGVIGALVKTDEQEVINFLLTTEIIPLCLRIMESGSELSKTVATFILQKILLDDTGLAYICQTYERFSHVAMILGKMVLQLSKEPSARLLKHVVRCYLRLSDNPRAREALRQCLPDQLKDTTFAQVLKDDTTTKRWLAQLVKNLQEGQVTDPRGIPLPPQ"}, "domain_types": [], "patterning": {"mean_lambda": null, "faro": null, "shd": null, "scd": null, "ah_ij": null, "nu_svr": null, "saturation_conc_mgml": null}, "ppi": {"all_partners": [], "partners_in_pilot_set": [], "ensp_all_partners": [], "ensp_partners_in_pilot_set": []}, "go_terms": {"cellular_component": [{"id": "GO:0030014", "description": "CCR4-NOT complex", "evidence": "IDA:UniProtKB"}, {"id": "GO:0030015", "description": "CCR4-NOT core complex", "evidence": "IBA:GO_Central"}, {"id": "GO:0005829", "description": "cytosol", "evidence": "TAS:Reactome"}, {"id": "GO:0016020", "description": "membrane", "evidence": "HDA:UniProtKB"}, {"id": "GO:0005634", "description": "nucleus", "evidence": "IEA:UniProtKB-SubCell"}, {"id": "GO:0000932", "description": "P-body", "evidence": "ISS:UniProtKB"}, {"id": "GO:0032991", "description": "protein-containing complex", "evidence": "IDA:UniProtKB"}], "biological_process": [{"id": "GO:0019221", "description": "cytokine-mediated signaling pathway", "evidence": "IEA:Ensembl"}, {"id": "GO:0033147", "description": "negative regulation of intracellular estrogen receptor signaling pathway", "evidence": "IMP:UniProtKB"}, {"id": "GO:0017148", "description": "negative regulation of translation", "evidence": "IBA:GO_Central"}, {"id": "GO:0000289", "description": "nuclear-transcribed mRNA poly(A) tail shortening", "evidence": "NAS:ComplexPortal"}, {"id": "GO:0045742", "description": "positive regulation of epidermal growth factor receptor signaling pathway", "evidence": "IMP:UniProtKB"}, {"id": "GO:0033138", "description": "positive regulation of peptidyl-serine phosphorylation", "evidence": "IMP:UniProtKB"}, {"id": "GO:0031047", "description": "regulatory ncRNA-mediated gene silencing", "evidence": "IEA:UniProtKB-KW"}, {"id": "GO:0007548", "description": "sex differentiation", "evidence": "TAS:ProtInc"}], "molecular_function": [{"id": "GO:0005154", "description": "epidermal growth factor receptor binding", "evidence": "IPI:UniProtKB"}, {"id": "GO:0019900", "description": "kinase binding", "evidence": "IPI:UniProtKB"}, {"id": "GO:0019904", "description": "protein domain specific binding", "evidence": "IPI:BHF-UCL"}, {"id": "GO:0042803", "description": "protein homodimerization activity", "evidence": "IDA:BHF-UCL"}, {"id": "GO:0003713", "description": "transcription coactivator activity", "evidence": "IDA:GO_Central"}]}, "condensate_details": [{"species_tax_id": 9606, "dna_associated": "No", "rna_associated": "Yes", "chemical_mods": "Yes", "condensatopathy": "Yes", "condensate_db_uid": "232F8A39", "reported_protein_count": 831}, {"species_tax_id": 9606, "dna_associated": "No", "rna_associated": "Yes", "chemical_mods": "Yes", "condensatopathy": "Yes", "condensate_db_uid": "DEE660B4", "reported_protein_count": 1191}], "gene_annotation": {"approved_name": "CCR4-NOT transcription complex subunit 9", "biotype": "protein_coding", "id_list": ["ENSG00000144580"], "transcript_ids": ["ENST00000473626", "ENST00000627282", "ENST00000432877", "ENST00000295701", "ENST00000273064", "ENST00000489687", "ENST00000433439", "ENST00000418808"], "canonical_transcript": {"id": "ENST00000273064", "chromosome": "2", "start": 218568839.0, "end": 218597080.0, "strand": "+"}, "canonical_exons": ["218587586", "218587695", "218592616", "218592707", "218594108", "218597080", "218580561", "218580740", "218584612", "218584721", "218592304", "218592402", "218582971", "218583086", "218568839", "218568978"], "genomic_location": {"chromosome": "2", "start": 218568580, "end": 218597080, "strand": 1}, "synonyms": [{"label": "CCR4-NOT transcription complex subunit 9", "source": "uniprot"}, {"label": "CNOT9", "source": "uniprot"}, {"label": "RCD1", "source": "uniprot"}, {"label": "RQCD1", "source": "uniprot"}, {"label": "Rcd-1", "source": "uniprot"}, {"label": "RCD1", "source": "HGNC"}, {"label": "RCD1+", "source": "HGNC"}, {"label": "CT129", "source": "HGNC"}, {"label": "CAF40", "source": "HGNC"}, {"label": "Cell differentiation protein RQCD1 homolog", "source": "uniprot"}, {"label": "cancer/testis antigen 129", "source": "HGNC"}, {"label": "CAF40", "source": "NCBI_entrez"}, {"label": "CT129", "source": "NCBI_entrez"}, {"label": "RCD-1", "source": "NCBI_entrez"}, {"label": "RCD1", "source": "NCBI_entrez"}, {"label": "RQCD1", "source": "NCBI_entrez"}, {"label": "CCR4-NOT transcription complex subunit 9", "source": "NCBI_entrez"}, {"label": "RCD1 required for cell differentiation1 homolog", "source": "NCBI_entrez"}, {"label": "cancer/testis antigen 129", "source": "NCBI_entrez"}, {"label": "cell differentiation protein RCD1 homolog", "source": "NCBI_entrez"}, {"label": "cell differentiation protein RQCD1 homolog", "source": "NCBI_entrez"}, {"label": "protein involved in sexual development", "source": "NCBI_entrez"}, {"label": "CNOT9", "source": "NCBI_entrez"}], "symbol_synonyms": [{"label": "CNOT9", "source": "uniprot"}, {"label": "RCD1", "source": "uniprot"}, {"label": "RQCD1", "source": "uniprot"}, {"label": "Rcd-1", "source": "uniprot"}, {"label": "RCD1", "source": "HGNC"}, {"label": "RCD1+", "source": "HGNC"}, {"label": "CT129",