{"sequence": "MPKKFQGENTKSAAARARRAEAKAAADAKKQKELEDAYWKDDDKHVMRKEQRKEEKEKRRLDQLERKKETQRLLEEEDSKLKGGKAPRVATSSKVTRAQIEDTLRRDHQLREAPDTAEKAKSHLEVPLEENVNRRVLEEGSVEARTIEDAIAVLSVAEEAADRHPERRMRAAFTAFEEAQLPRLKQENPNMRLSQLKQLLKKEWLRSPDNPMNQRAVPFNAPK", "hgvs": {"protein_hgvs": ["NP_001129675.1", "NP_612451.1"], "description": "coiled-coil domain containing 124", "ensp": "ENSP00000408730.1", "ensp_clean": "ENSP00000408730", "unique_name": "CCDC124"}, "biophysics_regions": {"whole": {"fcr": 0.42152466367713, "ncpr": 0.0358744394618834, "kappa": 0.1369220934702541, "delta": 0.0563249765751095, "delta_max": 0.411365143108522, "isoelectric_point": 9.625, "molecular_weight": 25838.399999999976, "count_neg": 43.0, "count_pos": 51.0, "count_neut": 129.0, "fraction_negative": 0.1928251121076233, "fraction_positive": 0.2286995515695067, "fraction_expanding": 0.4708520179372197, "fraction_disorder_promoting": 0.7668161434977578, "mean_net_charge": 0.0358744394618834, "mean_hydropathy": 3.2367713004484253, "uversky_hydropathy": 0.3596412556053812, "ppii_propensity": 0.4022869955156952, "amino_acid_fractions": {"A": 0.13004484304932734, "C": 0.0, "D": 0.05829596412556054, "E": 0.13452914798206278, "F": 0.017937219730941704, "G": 0.017937219730941704, "H": 0.017937219730941704, "I": 0.013452914798206279, "K": 0.11659192825112108, "L": 0.08520179372197309, "M": 0.02242152466367713, "N": 0.03587443946188341, "P": 0.04932735426008968, "Q": 0.053811659192825115, "R": 0.11210762331838565, "S": 0.04035874439461883, "T": 0.03587443946188341, "V": 0.04484304932735426, "W": 0.008968609865470852, "Y": 0.004484304932735426}}, "idr_segments": [{"start": 0, "end": 136, "size": 136, "fcr": 0.4852941176470588, "ncpr": 0.058823529411764705, "kappa": 0.12305346872809021, "delta": 0.05756903913055361, "delta_max": 0.4678375971486284, "isoelectric_point": 9.84375, "molecular_weight": 15873.90000000002, "count_neg": 29, "count_pos": 37, "count_neut": 70, "fraction_negative": 0.21323529411764705, "fraction_positive": 0.27205882352941174, "fraction_expanding": 0.5147058823529411, "fraction_disorder_promoting": 0.8161764705882353, "mean_net_charge": 0.058823529411764705, "mean_hydropathy": 2.9330882352941168, "uversky_hydropathy": 0.3258986928104571, "ppii_propensity": 0.3989705882352945, "amino_acid_fractions": {"A": 0.125, "C": 0.0, "D": 0.07352941176470588, "E": 0.13970588235294118, "F": 0.007352941176470588, "G": 0.022058823529411766, "H": 0.022058823529411766, "I": 0.007352941176470588, "K": 0.15441176470588236, "L": 0.07352941176470588, "M": 0.014705882352941176, "N": 0.022058823529411766, "P": 0.029411764705882353, "Q": 0.051470588235294115, "R": 0.11764705882352941, "S": 0.03676470588235294, "T": 0.04411764705882353, "V": 0.04411764705882353, "W": 0.007352941176470588, "Y": 0.007352941176470588}}, {"start": 208, "end": 223, "size": 15, "fcr": 0.2, "ncpr": 0.06666666666666667, "kappa": 0.2879051934471942, "delta": 0.018540965207631876, "delta_max": 0.06439955106621774, "isoelectric_point": 11.375, "molecular_weight": 1698.9999999999995, "count_neg": 1, "count_pos": 2, "count_neut": 12, "fraction_negative": 0.06666666666666667, "fraction_positive": 0.13333333333333333, "fraction_expanding": 0.4, "fraction_disorder_promoting": 0.6, "mean_net_charge": 0.06666666666666667, "mean_hydropathy": 3.286666666666667, "uversky_hydropathy": 0.36518518518518517, "ppii_propensity": 0.4826666666666667, "amino_acid_fractions": {"A": 0.13333333333333333, "C": 0.0, "D": 0.06666666666666667, "E": 0.0, "F": 0.06666666666666667, "G": 0.0, "H": 0.0, "I": 0.0, "K": 0.06666666666666667, "L": 0.0, "M": 0.06666666666666667, "N": 0.2, "P": 0.2, "Q": 0.06666666666666667, "R": 0.06666666666666667, "S": 0.0, "T": 0.0, "V": 0.06666666666666667, "W": 0.0, "Y": 0.0}}], "fold": {"fcr": null, "ncpr": null, "kappa": null, "delta": null, "delta_max": null, "isoelectric_point": null, "molecular_weight": null, "count_neg": null, "count_pos": null, "count_neut": null, "fraction_negative": null, "fraction_positive": null, "fraction_expanding": null, "fraction_disorder_promoting": null, "mean_net_charge": null, "mean_hydropathy": null, "uversky_hydropathy": null, "ppii_propensity": null, "avg_size": 72.0, "count": 1}}, "region_sequences": {"idr_discrete": ["MPKKFQGENTKSAAARARRAEAKAAADAKKQKELEDAYWKDDDKHVMRKEQRKEEKEKRRLDQLERKKETQRLLEEEDSKLKGGKAPRVATSSKVTRAQIEDTLRRDHQLREAPDTAEKAKSHLEVPLEENVNRRV", "DNPMNQRAVPFNAPK"], "idr_concat": "MPKKFQGENTKSAAARARRAEAKAAADAKKQKELEDAYWKDDDKHVMRKEQRKEEKEKRRLDQLERKKETQRLLEEEDSKLKGGKAPRVATSSKVTRAQIEDTLRRDHQLREAPDTAEKAKSHLEVPLEENVNRRVDNPMNQRAVPFNAPK", "fold_discrete": ["LEEGSVEARTIEDAIAVLSVAEEAADRHPERRMRAAFTAFEEAQLPRLKQENPNMRLSQLKQLLKKEWLRSP"], "fold_concat": "LEEGSVEARTIEDAIAVLSVAEEAADRHPERRMRAAFTAFEEAQLPRLKQENPNMRLSQLKQLLKKEWLRSP"}, "domain_types": [], "patterning": {"mean_lambda": 0.365, "faro": 0.0444, "shd": 2.4578, "scd": 0.133, "ah_ij": -0.5672, "nu_svr": 0.5697, "saturation_conc_mgml": 88.3953}, "ppi": {"all_partners": [], "partners_in_pilot_set": [], "ensp_all_partners": [], "ensp_partners_in_pilot_set": []}, "go_terms": {"cellular_component": [{"id": "GO:0005813", "description": "centrosome", "evidence": "IEA:UniProtKB-SubCell"}, {"id": "GO:0005829", "description": "cytosol", "evidence": "IDA:HPA"}, {"id": "GO:0030496", "description": "midbody", "evidence": "IEA:UniProtKB-SubCell"}, {"id": "GO:0005634", "description": "nucleus", "evidence": "IBA:GO_Central"}, {"id": "GO:0005886", "description": "plasma membrane", "evidence": "IDA:HPA"}], "biological_process": [{"id": "GO:0051301", "description": "cell division", "evidence": "IEA:UniProtKB-KW"}, {"id": "GO:0006366", "description": "transcription by RNA polymerase II", "evidence": "IBA:GO_Central"}], "molecular_function": [{"id": "GO:0003723", "description": "RNA binding", "evidence": "HDA:UniProtKB"}, {"id": "GO:0003713", "description": "transcription coactivator activity", "evidence": "IBA:GO_Central"}]}, "condensate_details": [{"species_tax_id": 9606, "dna_associated": "No", "rna_associated": "Yes", "chemical_mods": "No", "condensatopathy": "No", "condensate_db_uid": "8C2F96ED", "reported_protein_count": 552}, {"species_tax_id": 9606, "dna_associated": "No", "rna_associated": "No", "chemical_mods": "No", "condensatopathy": "No", "condensate_db_uid": "FB4E32DD", "reported_protein_count": 1366}, {"species_tax_id": 9606, "dna_associated": "No", "rna_associated": "Yes", "chemical_mods": "Yes", "condensatopathy": "Yes", "condensate_db_uid": "DEE660B4", "reported_protein_count": 1191}], "gene_annotation": {"approved_name": "coiled-coil domain containing 124", "biotype": "protein_coding", "id_list": ["ENSG00000007080"], "transcript_ids": ["ENST00000602080", "ENST00000596123", "ENST00000597436", "ENST00000445755"], "canonical_transcript": {"id": "ENST00000445755", "chromosome": "19", "start": 17933015.0, "end": 17943985.0, "strand": "+"}, "canonical_exons": ["17943261", "17943375", "17942656", "17942845", "17936410", "17936579", "17933015", "17933048", "17943508", "17943985"], "genomic_location": {"chromosome": "19", "start": 17933015, "end": 17943991, "strand": 1}, "synonyms": [{"label": "Coiled-coil domain-containing protein 124", "source": "uniprot"}, {"label": "CCDC124 {ECO:0000303|PubMed:23894443", "source": "uniprot"}, {"label": "ECO:0000312|HGNC:HGNC:25171}", "source": "uniprot"}, {"label": "Lso2", "source": "HGNC"}, {"label": "oxs1", "source": "HGNC"}, {"label": "Lso2", "source": "NCBI_entrez"}, {"label": "oxs1", "source": "NCBI_entrez"}, {"label": "coiled-coil domain-containing protein 124", "source": "NCBI_entrez"}, {"label": "CCDC124", "source": "NCBI_entrez"}], "symbol_synonyms": [{"label": "CCDC124 {ECO:0000303|PubMed:23894443", "source": "uniprot"}, {"label": "ECO:0000312|HGNC:HGNC:25171}", "source": "uniprot"}, {"label": "Lso2", "source": "HGNC"}, {"label": "oxs1", "source": "HGNC"}, {"label": "Lso2", "source": "NCBI_entrez"}, {"label": "oxs1", "source": "NCBI_entrez"}, {"label": "CCDC124", "source": "NCBI_entrez"}],