{"sequence": "MGGTTSTRRVTFEADENENITVVKGIRLSENVIDRMKESSPSGSKSQRYSGAYGASVSDEELKRRVAEELALEQAKKESEDQKRLKQAKELDRERAAANEQLTRAILRERICSEEERAKAKHLARQLEEKDRVLKKQDAFYKEQLARLEERSSEFYRVTTEQYQKAAEEVEAKFKRYESHPVCADLQAKILQCYRENTHQTLKCSALATQYMHCVNHAKQSMLEKGG", "hgvs": {"protein_hgvs": ["NP_060282.1"], "description": "coiled-coil-helix-coiled-coil-helix domain containing 3", "ensp": "ENSP00000262570.5", "ensp_clean": "ENSP00000262570", "unique_name": "CHCHD3"}, "biophysics_regions": {"whole": {"fcr": 0.3656387665198238, "ncpr": 0.013215859030837, "kappa": 0.1413610216002868, "delta": 0.050429949136429, "delta_max": 0.3567457886589488, "isoelectric_point": 8.75, "molecular_weight": 26156.500000000007, "count_neg": 40.0, "count_pos": 43.0, "count_neut": 144.0, "fraction_negative": 0.1762114537444934, "fraction_positive": 0.1894273127753304, "fraction_expanding": 0.3744493392070485, "fraction_disorder_promoting": 0.7268722466960352, "mean_net_charge": 0.013215859030837, "mean_hydropathy": 3.4788546255506567, "uversky_hydropathy": 0.3865394028389628, "ppii_propensity": 0.3636563876651984, "amino_acid_fractions": {"A": 0.10572687224669604, "C": 0.022026431718061675, "D": 0.03524229074889868, "E": 0.14096916299559473, "F": 0.01762114537444934, "G": 0.03524229074889868, "H": 0.022026431718061675, "I": 0.02643171806167401, "K": 0.09691629955947137, "L": 0.07929515418502203, "M": 0.01762114537444934, "N": 0.02643171806167401, "P": 0.00881057268722467, "Q": 0.06607929515418502, "R": 0.09251101321585903, "S": 0.07488986784140969, "T": 0.048458149779735685, "V": 0.048458149779735685, "W": 0.0, "Y": 0.03524229074889868}}, "idr": {"fcr": "[0.2711864406779661]", "ncpr": "[0.0]", "kappa": "[0.2907546874630488]", "delta": "[0.0664384794446523]", "delta_max": "[0.22850355405910963]", "isoelectric_point": "[7.0]", "molecular_weight": "[6358.700000000003]", "count_neg": "[8]", "count_pos": "[8]", "count_neut": "[43]", "fraction_negative": "[0.13559322033898305]", "fraction_positive": "[0.13559322033898305]", "fraction_expanding": "[0.288135593220339]", "fraction_disorder_promoting": "[0.711864406779661]", "mean_net_charge": "[0.0]", "mean_hydropathy": "[3.754237288135592]", "uversky_hydropathy": "[0.4171374764595104]", "ppii_propensity": "[0.3315254237288136]", "avg_size": 59.0, "amino_acid_fractions": [{"A": 0.05084745762711865, "C": 0.0, "D": 0.05084745762711865, "E": 0.0847457627118644, "F": 0.01694915254237288, "G": 0.1016949152542373, "H": 0.0, "I": 0.05084745762711865, "K": 0.05084745762711865, "L": 0.01694915254237288, "M": 0.03389830508474576, "N": 0.05084745762711865, "P": 0.01694915254237288, "Q": 0.01694915254237288, "R": 0.0847457627118644, "S": 0.1694915254237288, "T": 0.0847457627118644, "V": 0.0847457627118644, "W": 0.0, "Y": 0.03389830508474576}]}, "fold": {"fcr": null, "ncpr": null, "kappa": null, "delta": null, "delta_max": null, "isoelectric_point": null, "molecular_weight": null, "count_neg": null, "count_pos": null, "count_neut": null, "fraction_negative": null, "fraction_positive": null, "fraction_expanding": null, "fraction_disorder_promoting": null, "mean_net_charge": null, "mean_hydropathy": null, "uversky_hydropathy": null, "ppii_propensity": null, "avg_size": 168.0, "count": 1}}, "region_sequences": {"idr_discrete": ["MGGTTSTRRVTFEADENENITVVKGIRLSENVIDRMKESSPSGSKSQRYSGAYGASVSD"], "idr_concat": "MGGTTSTRRVTFEADENENITVVKGIRLSENVIDRMKESSPSGSKSQRYSGAYGASVSD", "fold_discrete": ["EELKRRVAEELALEQAKKESEDQKRLKQAKELDRERAAANEQLTRAILRERICSEEERAKAKHLARQLEEKDRVLKKQDAFYKEQLARLEERSSEFYRVTTEQYQKAAEEVEAKFKRYESHPVCADLQAKILQCYRENTHQTLKCSALATQYMHCVNHAKQSMLEKGG"], "fold_concat": "EELKRRVAEELALEQAKKESEDQKRLKQAKELDRERAAANEQLTRAILRERICSEEERAKAKHLARQLEEKDRVLKKQDAFYKEQLARLEERSSEFYRVTTEQYQKAAEEVEAKFKRYESHPVCADLQAKILQCYRENTHQTLKCSALATQYMHCVNHAKQSMLEKGG"}, "domain_types": [{"name": "CHCH", "count": 1, "avg_size": 43.0, "total_size": 43, "fcr": 0.1395, "ncpr": 0.0465, "kappa": 0.2025, "omega": 0.461, "isoelectric_point": 8.5312, "molecular_weight": 4916.9, "count_neg": 2.0, "count_pos": 4.0, "count_neut": 37.0, "fraction_negative": 0.0465, "fraction_positive": 0.093, "fraction_expanding": 0.1628, "fraction_disorder_promoting": 0.6047, "mean_net_charge": 0.0465, "mean_hydropathy": 4.093, "uversky_hydropathy": 0.4548, "ppii_propensity": 0.3584, "delta": 0.0144, "delta_max": 0.0712, "amino_acid_fractions": {"A": 0.11627906976744186, "C": 0.09302325581395349, "D": 0.023255813953488372, "E": 0.023255813953488372, "F": 0.0, "G": 0.0, "H": 0.09302325581395349, "I": 0.023255813953488372, "K": 0.06976744186046512, "L": 0.09302325581395349, "M": 0.046511627906976744, "N": 0.046511627906976744, "P": 0.023255813953488372, "Q": 0.11627906976744186, "R": 0.023255813953488372, "S": 0.046511627906976744, "T": 0.06976744186046512, "V": 0.046511627906976744, "W": 0.0, "Y": 0.046511627906976744}, "discrete_seq": ["HPVCADLQAKILQCYRENTHQTLKCSALATQYMHCVNHAKQSM"], "concat_seq": "HPVCADLQAKILQCYRENTHQTLKCSALATQYMHCVNHAKQSM"}], "patterning": {"mean_lambda": 0.4252, "faro": 0.0508, "shd": 3.0993, "scd": -0.5882, "ah_ij": -0.5996, "nu_svr": 0.5269, "saturation_conc_mgml": 88.4598}, "ppi": {"all_partners": [], "partners_in_pilot_set": [], "ensp_all_partners": [], "ensp_partners_in_pilot_set": []}, "go_terms": {"cellular_component": [{"id": "GO:0070062", "description": "extracellular exosome", "evidence": "HDA:UniProtKB"}, {"id": "GO:0140275", "description": "MIB complex", "evidence": "HDA:UniProtKB"}, {"id": "GO:0061617", "description": "MICOS complex", "evidence": "IDA:UniProtKB"}, {"id": "GO:0044284", "description": "mitochondrial crista junction", "evidence": "NAS:ComplexPortal"}, {"id": "GO:0005743", "description": "mitochondrial inner membrane", "evidence": "ISS:UniProtKB"}, {"id": "GO:0005739", "description": "mitochondrion", "evidence": "IDA:UniProtKB"}, {"id": "GO:0005634", "description": "nucleus", "evidence": "IEA:UniProtKB-SubCell"}, {"id": "GO:0001401", "description": "SAM complex", "evidence": "HDA:UniProtKB"}], "biological_process": [{"id": "GO:0042407", "description": "cristae formation", "evidence": "IMP:UniProtKB"}, {"id": "GO:0007007", "description": "inner mitochondrial membrane organization", "evidence": "IMP:UniProtKB"}, {"id": "GO:0008053", "description": "mitochondrial fusion", "evidence": "IMP:UniProtKB"}], "molecular_function": [{"id": "GO:0060090", "description": "molecular adaptor activity", "evidence": "ISS:UniProtKB"}, {"id": "GO:0019902", "description": "phosphatase binding", "evidence": "IDA:UniProtKB"}]}, "condensate_details": [{"species_tax_id": 9606, "dna_associated": "No", "rna_associated": "No", "chemical_mods": "No", "condensatopathy": "No", "condensate_db_uid": "FB4E32DD", "reported_protein_count": 1366}, {"species_tax_id": 9606, "dna_associated": "No", "rna_associated": "Yes", "chemical_mods": "Yes", "condensatopathy": "Yes", "condensate_db_uid": "DEE660B4", "reported_protein_count": 1191}], "gene_annotation": {"approved_name": "coiled-coil-helix-coiled-coil-helix domain containing 3", "biotype": "protein_coding", "id_list": ["ENSG00000106554"], "transcript_ids": ["ENST00000262570", "ENST00000448878", "ENST00000457942", "ENST00000481152", "ENST00000423635", "ENST00000496427"], "canonical_transcript": {"id": "ENST00000262570", "chromosome": "7", "start": 132784870.0, "end": 133082090.0, "strand": "-"}, "canonical_exons": ["133081857", "133082090", "132784870", "132785660", "133024546", "133024627", "133070142", "133070229", "132796442", "132796577", "132975169", "132975286", "132885662", "132885745", "132838399", "132838469"], "genomic_location": {"chromosome": "7", "start": 132784870, "end": 133082090, "strand": -1}, "synonyms": [{"label": "MICOS complex subunit MIC19", "source": "uniprot"}, {"label": "CHCHD3", "source": "uniprot"}, {"label": "MIC19", "source": "uniprot"}, {"label": "MINOS3", "source": "uniprot"}, {"label": "FLJ20420", "source": "HGNC"}, {"label": "MINOS3", "source": "HGNC"}, {"label": "PPP1R22", "source": "HGNC"}, {"label": "Mic19",